,title,price,land,building,bed,bath,floor,certificate,location
0,Dijual Rumah Baru Menarik Bonus Furniture Dekat Kampus UII Terpadu,Rp 685.000.023,186,258,7,3,2,SHM - Sertifikat Hak Milik,"Ngaglik, Sleman Kab., Yogyakarta D.I."
1,"Rumah Mewah + 4 Ruko Dkt UGM, UNY, UKDW, SADHAR",Rp 50.000.000.000,1119,1119,8,6,2,SHM - Sertifikat Hak Milik,"Depok, Sleman Kab., Yogyakarta D.I."
2,Dalam perumahan jln kapten Haryadi palagan sleman,Rp 895.000.000,181,80,2,2,1,SHM - Sertifikat Hak Milik,"Sleman, Sleman Kab., Yogyakarta D.I."
3,"RUMAH SIAP HUNI DI SRIBITAN BANGUNJIWO, JALAN TUGU GENTONG",Rp 439.123.456,71,40,2,1,1,HGB - Hak Guna Bangun,"Kasihan, Bantul Kab., Yogyakarta D.I."
4,"DIJUAL Rumah &amp; Toko Strategis di pinggir Jl. Kabupaten, Sleman, Jogja",Rp 12.500.000.000,900,900,6,6,2,SHM - Sertifikat Hak Milik,"Tegalrejo, Yogyakarta Kota, Yogyakarta D.I."
5,RUMAH SIAP HUNI LOKASI STRATEGIS DEKAT RINGROAD &amp; KAMPUS UMY. JK10464,Rp 850.000.004,121,75,3,1,2,SHM - Sertifikat Hak Milik,"Kasihan, Bantul Kab., Yogyakarta D.I."
6,RUMAH KOST DEKAT KAMPUS SADHAR&amp;ATMAJAYA MAGUWOHARJO,Rp 5.000.000.000,996,1000,&gt;10,&gt;10,2,SHM - Sertifikat Hak Milik,"Depok, Sleman Kab., Yogyakarta D.I."
7,Rumah Cantik dan Murah di Purwomartani dekat Pamela 7,Rp 600.000.000,104,80,3,2,1,HGB - Hak Guna Bangun,"Kalasan, Sleman Kab., Yogyakarta D.I."
8,Rumah Mewah Dalam Perumahan Palagan Asri,Rp 4.250.000.000,245,280,5,4,2,SHM - Sertifikat Hak Milik,"Ngaglik, Sleman Kab., Yogyakarta D.I."
9,Rumah luas area nitikan umbulharjo cocok untuk hunian,Rp 1.700.000.000,202,180,4,2,1,SHM - Sertifikat Hak Milik,"Umbulharjo, Yogyakarta Kota, Yogyakarta D.I."
10,Miliki Hunian Konsep Heritage di Lingkungan Asri Timur Jogja 200 Jt-an,Rp 250.000.045,85,30,2,1,1,SHM - Sertifikat Hak Milik,"Prambanan, Sleman Kab., Yogyakarta D.I."
11,Jual Hunian Megah 2 Lantai Di Sleman Legalitas SHM Siap KPR,Rp 1.500.000.055,150,160,3,4,2,SHM - Sertifikat Hak Milik,"Ngemplak, Sleman Kab., Yogyakarta D.I."
12,Rumah mewah full furnish view gunung merapi timur pasar gentan,Rp 1.595.000.000,512,250,6,4,1,SHM - Sertifikat Hak Milik,"Ngaglik, Sleman Kab., Yogyakarta D.I."
13,Rumah Classic Siap Huni di Cluster Prambanan Village III,Rp 485.000.000,84,36,2,1,1,SHM - Sertifikat Hak Milik,"Prambanan, Sleman Kab., Yogyakarta D.I."
14,Rumah nyaman lingkungan strategis karang waru dekat tvri,Rp 2.500.000.000,248,300,6,4,2,SHM - Sertifikat Hak Milik,"Tegalrejo, Yogyakarta Kota, Yogyakarta D.I."
15,RUMAH 2 LANTAI MEWAH MODERN STRATEGIS DEKAT JOGJA BAY SLEMAN YOGYA,Rp 2.850.000.000,326,327,5,4,3,SHM - Sertifikat Hak Milik,"Ngemplak, Sleman Kab., Yogyakarta D.I."
16,Rumah Baru Jalan Bantul Dekat Balaidesa Pendowoharjo,Rp 400.000.000,80,75,3,2,2,HGB - Hak Guna Bangun,"Sewon, Bantul Kab., Yogyakarta D.I."
17,"Dijual rumah di Berbah, strategis pinggir jalan utama",Rp 1.600.000.000,306,200,5,5,1,SHM - Sertifikat Hak Milik,"Berbah, Sleman Kab., Yogyakarta D.I."
18,Rumah besar furnish area Palagan,Rp 3.700.000.000,214,255,4,4,2,HGB - Hak Guna Bangun,"Mlati, Sleman Kab., Yogyakarta D.I."
19,DIJUAL RUMAH CEPATTT,Rp 725.000.000,,,,,,,
20,Rumah dalam perum Purwomartani,Rp 1.600.000.000,107,130,3,2,2,SHM - Sertifikat Hak Milik,"Sleman, Sleman Kab., Yogyakarta D.I."
21,Rumah minimalis moderen tropis dijual di sleman jogja yogya yogyakarta,Rp 650.000.000,112,90,3,2,1,SHM - Sertifikat Hak Milik,"Mlati, Sleman Kab., Yogyakarta D.I."
22,Rumah siap bangun di daerah strategis kulon progo 15 menit ke NYIA,Rp 350.000.000,80,36,2,1,1,SHM - Sertifikat Hak Milik,"Pengasih, Kulon Progo Kab., Yogyakarta D.I."
23,Rumah Mewah Bonus Kolam Renang Pribadi Utara  Kampus UGM Jogja,Rp 2.300.000.000,353,110,4,3,2,SHM - Sertifikat Hak Milik,"Ngaglik, Sleman Kab., Yogyakarta D.I."
24,RUMAH 2 LANTAI MEWAH MODERN STRATEGIS DEKAT JOGJA BAY SLEMAN YOGYA,Rp 2.850.000.000,326,327,5,4,3,SHM - Sertifikat Hak Milik,"Ngemplak, Sleman Kab., Yogyakarta D.I."
25,Rumah Baru Jalan Bantul Dekat Balaidesa Pendowoharjo,Rp 400.000.000,80,75,3,2,2,HGB - Hak Guna Bangun,"Sewon, Bantul Kab., Yogyakarta D.I."
26,"Dijual rumah di Berbah, strategis pinggir jalan utama",Rp 1.600.000.000,306,200,5,5,1,SHM - Sertifikat Hak Milik,"Berbah, Sleman Kab., Yogyakarta D.I."
27,Rumah besar furnish area Palagan,Rp 3.700.000.000,214,255,4,4,2,HGB - Hak Guna Bangun,"Mlati, Sleman Kab., Yogyakarta D.I."
28,"Kos eksklusif Dekat UGM Jakal Kaliurang Km 6 Pogung Lor , kost Pandega",Rp 2.700.000.000,220,225,8,9,2,SHM - Sertifikat Hak Milik,"Depok, Sleman Kab., Yogyakarta D.I."
29,Murah! Rumah Baru kekinian + kolamrenang dekat Kampus UMY &amp; Pusat Kota,Rp 880.000.000,106,90,3,2,0,,"Kasihan, Bantul Kab., Yogyakarta D.I."
30,Rumah baru kolam renang sangat strategis dekat tugu jogja,Rp 5.500.000.000,316,400,6,5,2,SHM - Sertifikat Hak Milik,"Tegalrejo, Yogyakarta Kota, Yogyakarta D.I."
31,Hunian Klasik Nyaman Dijual dekat Candi Prambanan,Rp 482.000.038,122,75,3,2,1,SHM - Sertifikat Hak Milik,"Prambanan, Sleman Kab., Yogyakarta D.I."
32,Rumah Dekat Upn Hartono Mall di Condong Catur,Rp 1.500.000.000,152,200,8,7,2,SHM - Sertifikat Hak Milik,"Depok, Sleman Kab., Yogyakarta D.I."
33,"Dijual Gedung Ex Sekolah VVIP jl kaliurang km 13,5 dkt UII Lt 3356m2",Rp 20.000.000.000,4500,1100,7,7,1,SHM - Sertifikat Hak Milik,"Ngaglik, Sleman Kab., Yogyakarta D.I."
34,RUMAH KOST DIJUAL DEKAT UGM,Rp 3.100.000.000,206,240,4,3,2,SHM - Sertifikat Hak Milik,"Ngaglik, Sleman Kab., Yogyakarta D.I."
35,Rumah dalam kraton benteng sangat strategis dekat malioboro,Rp 1.000.000.000,141,115,3,2,1,SHM - Sertifikat Hak Milik,"Mergangsan, Yogyakarta Kota, Yogyakarta D.I."
36,"TERMURAH DI BANGUNJIWO, LOKASI STRATEGIS TYPE 45 DALAM CLUSTER",Rp 314.731.473,72,45,2,1,,SHM - Sertifikat Hak Milik,"Kasihan, Bantul Kab., Yogyakarta D.I."
37,"Perumahan onegate Kaliurang Dekat UGM,UII,UNY,RSAUGM",Rp 788.000.000,150,45,2,1,1,SHM - Sertifikat Hak Milik,"Ngaglik, Sleman Kab., Yogyakarta D.I."
38,EKLUSIF..Unit Pojok Dalam Perumahan di MAGUWO ESTATE Sleman Yogyakarta,Rp 975.000.000,140,65,3,2,1,SHM - Sertifikat Hak Milik,"Depok, Sleman Kab., Yogyakarta D.I."
39,Rumah etnik mewah joglo kolam renang maguwoharjo view cantik,Rp 7.500.000.000,1200,600,4,4,1,HGB - Hak Guna Bangun,"Depok, Sleman Kab., Yogyakarta D.I."
40,DIJUAL RUMAH NO.B7 PERUMAHAN TELAGA JATI ASRI,Rp 330.000.000,153,60,3,1,1,HGB - Hak Guna Bangun,"Wonosari, Gunung Kidul Kab., Yogyakarta D.I."
41,Jual rumah di griya perwita wisata jalan Kaliurang Jogja,Rp 700.000.000,84,60,3,2,2,SHM - Sertifikat Hak Milik,"Ngaglik, Sleman Kab., Yogyakarta D.I."
42,Rumah Lux di lingkungan Eksklusif Bale Mulia,Rp 4.200.000.000,199,231,4,4,2,HGB - Hak Guna Bangun,"Mlati, Sleman Kab., Yogyakarta D.I."
43,Rumah Baru di Utara Jogja Bay Maguwo,Rp 785.000.000,150,100,3,2,1,SHM - Sertifikat Hak Milik,"Depok, Sleman Kab., Yogyakarta D.I."
44,"Dijual Gedung Ex Sekolah VVIP jl kaliurang km 13,5 dkt UII Lt 3356m2",Rp 20.000.000.000,4500,1100,7,7,1,SHM - Sertifikat Hak Milik,"Ngaglik, Sleman Kab., Yogyakarta D.I."
45,RUMAH KOST DIJUAL DEKAT UGM,Rp 3.100.000.000,206,240,4,3,2,SHM - Sertifikat Hak Milik,"Ngaglik, Sleman Kab., Yogyakarta D.I."
46,Rumah dalam kraton benteng sangat strategis dekat malioboro,Rp 1.000.000.000,141,115,3,2,1,SHM - Sertifikat Hak Milik,"Mergangsan, Yogyakarta Kota, Yogyakarta D.I."
47,"TERMURAH DI BANGUNJIWO, LOKASI STRATEGIS TYPE 45 DALAM CLUSTER",Rp 314.731.473,72,45,2,1,,SHM - Sertifikat Hak Milik,"Kasihan, Bantul Kab., Yogyakarta D.I."
48,"Perumahan onegate Kaliurang Dekat UGM,UII,UNY,RSAUGM",Rp 788.000.000,150,45,2,1,1,SHM - Sertifikat Hak Milik,"Ngaglik, Sleman Kab., Yogyakarta D.I."
49,EKLUSIF..Unit Pojok Dalam Perumahan di MAGUWO ESTATE Sleman Yogyakarta,Rp 975.000.000,140,65,3,2,1,SHM - Sertifikat Hak Milik,"Depok, Sleman Kab., Yogyakarta D.I."
50,Rumah etnik mewah joglo kolam renang maguwoharjo view cantik,Rp 7.500.000.000,1200,600,4,4,1,HGB - Hak Guna Bangun,"Depok, Sleman Kab., Yogyakarta D.I."
51,Rumah Cantik Elegan Siap Huni Dekat RIngin Purwomartani Kalasan,Rp 625.000.004,115,80,3,2,1,SHM - Sertifikat Hak Milik,"Kalasan, Sleman Kab., Yogyakarta D.I."
52,rumah guesthouse 8 kamar full furnished dekat sd Budi mulia jl tajem,Rp 1.500.000.000,266,125,3,2,1,SHM - Sertifikat Hak Milik,"Ngemplak, Sleman Kab., Yogyakarta D.I."
53,"Rumah asri dengan tanah luas di Tajem, dekat jalan raya Selomartani",Rp 2.500.000.000,765,250,5,3,1,SHM - Sertifikat Hak Milik,"Ngemplak, Sleman Kab., Yogyakarta D.I."
54,Rumah 3 lantai 5 menit ke UGM,Rp 1.200.000.000,150,107,4,3,1,SHM - Sertifikat Hak Milik,"Depok, Sleman Kab., Yogyakarta D.I."
55,Homestay Guest House Tanah Luas 500 Meter,Rp 3.000.000.000,550,500,6,5,2,SHM - Sertifikat Hak Milik,"Depok, Sleman Kab., Yogyakarta D.I."
56,"Dijual Rumah Timur Pamela 7 Kalasan, Strategis 800 Jutaan",Rp 813.000.000,125,80,3,2,0,,"Mlati, Sleman Kab., Yogyakarta D.I."
57,Rumah Dijual Perumahan Lempongsari dkt Hotel Hyatt Jl. Palagan &amp; UGM,Rp 2.000.000.000,172,160,4,3,2,SHM - Sertifikat Hak Milik,"Ngaglik, Sleman Kab., Yogyakarta D.I."
58,"Dijual 1 Unit Rumah Siap Bangun di Godean, Type 45/101 Rp 525 juta",Rp 525.000.306,101,45,2,1,1,SHM - Sertifikat Hak Milik,"Godean, Sleman Kab., Yogyakarta D.I."
59,"Full Furnish, Rumah Siap Tempati Type 80/140 m2 Siap KPR Di Sleman",Rp 700.000.316,140,110,4,2,1,SHM - Sertifikat Hak Milik,"Kalasan, Sleman Kab., Yogyakarta D.I."
60,"Dekat Budi Mulia Tajem, Masih NEGO, dlm Cluster Full Bonus, SHM IMB Ok",Rp 960.000.000,103,115,3,3,2,,"Ngemplak, Sleman Kab., Yogyakarta D.I."
61,Jual cepat rumah siap huni dekat Ambarukmo plaza,Rp 1.500.000.000,203,126,3,1,1,SHM - Sertifikat Hak Milik,"Depok, Sleman Kab., Yogyakarta D.I."
62,Rumah kos2an 14 KT 14 KM full penghuni bisa TT samping minimarket,Rp 2.250.000.000,287,287,&gt;10,&gt;10,1,SHM - Sertifikat Hak Milik,"Kasihan, Bantul Kab., Yogyakarta D.I."
63,DIJUAL RUMAH NO.B7 PERUMAHAN TELAGA JATI ASRI,Rp 330.000.000,88,45,2,1,1,HGB - Hak Guna Bangun,"Wonosari, Gunung Kidul Kab., Yogyakarta D.I."
64,"Dijual Rumah Timur Pamela 7 Kalasan, Strategis 800 Jutaan",Rp 813.000.000,125,80,3,2,0,,"Mlati, Sleman Kab., Yogyakarta D.I."
65,Rumah Dijual Perumahan Lempongsari dkt Hotel Hyatt Jl. Palagan &amp; UGM,Rp 2.000.000.000,172,160,4,3,2,SHM - Sertifikat Hak Milik,"Ngaglik, Sleman Kab., Yogyakarta D.I."
66,"Dijual 1 Unit Rumah Siap Bangun di Godean, Type 45/101 Rp 525 juta",Rp 525.000.306,101,45,2,1,1,SHM - Sertifikat Hak Milik,"Godean, Sleman Kab., Yogyakarta D.I."
67,"Full Furnish, Rumah Siap Tempati Type 80/140 m2 Siap KPR Di Sleman",Rp 700.000.316,140,110,4,2,1,SHM - Sertifikat Hak Milik,"Kalasan, Sleman Kab., Yogyakarta D.I."
68,"Rumah Dijogja, Sleman Rumah dua Lantai, dekat Jl Gito Gati, SCH",Rp 1.800.000.000,150,200,4,4,2,SHM - Sertifikat Hak Milik,"Sleman, Sleman Kab., Yogyakarta D.I."
69,Rumah Minimalis Piyungan Bantul,Rp 1.800.000.000,588,200,5,3,1,SHM - Sertifikat Hak Milik,"Piyungan, Bantul Kab., Yogyakarta D.I."
70,"Rumah Dekat JCM, UTY, UGM",Rp 5.000.000.000,314,278,5,4,,HGB - Hak Guna Bangun,"Mlati, Sleman Kab., Yogyakarta D.I."
71,Rumah kost 24 kmar gejayan proses renovasi cukup jalan kaki kampus UGM,Rp 5.500.000.000,400,450,&gt;10,&gt;10,2,SHM - Sertifikat Hak Milik,"Depok, Sleman Kab., Yogyakarta D.I."
72,Jual rumah kost full furnished di dekat plemburan UGM Jakal Km 5.5,Rp 5.500.000.000,481,400,&gt;10,&gt;10,2,SHM - Sertifikat Hak Milik,"Mlati, Sleman Kab., Yogyakarta D.I."
73,Tanah Murah Sleman 118 m2 Standar Perumahan,Rp 117.000.000,76,76,1,1,1,SHM - Sertifikat Hak Milik,"Minggir, Sleman Kab., Yogyakarta D.I."
74,Rumah Mewah Furnish Dlm Perum Elit Dekat TUGU JOGJA,Rp 4.800.000.000,201,322,6,4,2,HGB - Hak Guna Bangun,"Umbulharjo, Yogyakarta Kota, Yogyakarta D.I."
75,Banting harga! BU ! Rumah Murah Kodya Dlm Cluster Dekat Gedong Kuning,Rp 780.000.000,101,96,3,2,,,"Umbulharjo, Yogyakarta Kota, Yogyakarta D.I."
76,Jual Rumah Kavling Bisa KPR di Sidokarto Godean,Rp 450.000.011,70,45,2,1,1,SHM - Sertifikat Hak Milik,"Godean, Sleman Kab., Yogyakarta D.I."
77,Jual Rumah Murah-Kasihan-Selatan UMY,Rp 483.000.999,91,45,2,1,1,SHM - Sertifikat Hak Milik,"Tegalrejo, Yogyakarta Kota, Yogyakarta D.I."
78,RUMAH ADA KOLAM RENANG PRIBADI DI TIMOHO KODYA JOGJA. BPY14,Rp 4.900.000.000,340,200,4,4,1,SHM - Sertifikat Hak Milik,"Umbulharjo, Yogyakarta Kota, Yogyakarta D.I."
79,Rumah Siap Huni Dalam Perumahan Cantik Pesona Sadewa,Rp 493.000.087,93,45,2,1,1,SHM - Sertifikat Hak Milik,"Ngampilan, Yogyakarta Kota, Yogyakarta D.I."
80,Rumah kos bagus dkt UMY bisaTT 14kt 14 km pinggir jln besar murmer,Rp 2.250.000.000,287,287,&gt;10,&gt;10,1,SHM - Sertifikat Hak Milik,"Kasihan, Bantul Kab., Yogyakarta D.I."
81,Rumah Murah Area Kampus Uii harga Murah,Rp 680.000.000,123,54,3,1,1,SHM - Sertifikat Hak Milik,"Ngaglik, Sleman Kab., Yogyakarta D.I."
82,Hunian di Perum JL Palagan Jongke Dekat Hyatt Jombor UTY JL Magelang,Rp 625.000.000,103,103,3,1,1,HGB - Hak Guna Bangun,"Mlati, Sleman Kab., Yogyakarta D.I."
83,Sedayu Residence Siap Huni Harga Murah Dekat Kota Jogja,Rp 250.000.000,2,36,2,1,1,SHM - Sertifikat Hak Milik,"Sedayu, Bantul Kab., Yogyakarta D.I."
84,Jual Rumah Murah-Kasihan-Selatan UMY,Rp 483.000.999,91,45,2,1,1,SHM - Sertifikat Hak Milik,"Tegalrejo, Yogyakarta Kota, Yogyakarta D.I."
85,RUMAH ADA KOLAM RENANG PRIBADI DI TIMOHO KODYA JOGJA. BPY14,Rp 4.900.000.000,340,200,4,4,1,SHM - Sertifikat Hak Milik,"Umbulharjo, Yogyakarta Kota, Yogyakarta D.I."
86,Rumah Siap Huni Dalam Perumahan Cantik Pesona Sadewa,Rp 493.000.087,93,45,2,1,1,SHM - Sertifikat Hak Milik,"Ngampilan, Yogyakarta Kota, Yogyakarta D.I."
87,Rumah Tropis dengan Kolam Renang Pribadi di Casa Grande,Rp 12.500.000.000,504,650,7,7,2,SHM - Sertifikat Hak Milik,"Depok, Sleman Kab., Yogyakarta D.I."
88,Rumah Baru Jalan Kaliurang Dekat Uii,Rp 750.000.000,126,70,2,2,1,SHM - Sertifikat Hak Milik,"Ngaglik, Sleman Kab., Yogyakarta D.I."
89,Rumah Apik dekat Kampus UII Jalan Kaliurang,Rp 875.000.000,117,80,3,2,1,SHM - Sertifikat Hak Milik,"Ngaglik, Sleman Kab., Yogyakarta D.I."
90,Langka Luas Murah Jual Cepat Rumah dlm Perumahan Elite Green Hills,Rp 3.100.000.000,271,150,3,3,2,SHM - Sertifikat Hak Milik,"Ngaglik, Sleman Kab., Yogyakarta D.I."
91,Rumah Cantik Siap Huni Di jl Imogiri barat km 8,Rp 460.000.000,85,45,2,1,1,SHM - Sertifikat Hak Milik,"Sewon, Bantul Kab., Yogyakarta D.I."
92,Rumah Siap Huni Murah Dekat Jln Utama Kasihan,Rp 482.000.098,91,45,2,1,1,SHM - Sertifikat Hak Milik,"Mergangsan, Yogyakarta Kota, Yogyakarta D.I."
93,Rumah Modern Area Sedayu Jogja 400jt-an,Rp 400.000.000,0,0,2,1,0,,"Pajangan, Bantul Kab., Yogyakarta D.I."
94,Rumah Dijual Murah Siap Huni Dekat Terminal Giwangan,Rp 365.000.003,91,45,2,1,1,SHM - Sertifikat Hak Milik,"Kraton, Yogyakarta Kota, Yogyakarta D.I."
95,Rumah murah perumahan pondok permai Tamantirto dekat UMY,Rp 1.350.000.000,145,90,3,2,0,,"Kasihan, Bantul Kab., Yogyakarta D.I."
96,rumah siap huni jl Godean km 10 ke Utara dekat RS at turots,Rp 460.000.005,101,70,3,2,1,SHM - Sertifikat Hak Milik,"Seyegan, Sleman Kab., Yogyakarta D.I."
97,Dijual Rumah Baru Utara JogyaBay Maguwo,Rp 775.000.000,135,80,3,2,,SHM - Sertifikat Hak Milik,"Ngemplak, Sleman Kab., Yogyakarta D.I."
98,Rumah baru Sardonoharjo dekat kampus Uii,Rp 750.000.000,189,100,3,2,1,SHM - Sertifikat Hak Milik,"Ngaglik, Sleman Kab., Yogyakarta D.I."
99,Rumah minimalis siap huni lingkungan sejuk tamanan banguntapan,Rp 365.000.000,91,45,2,1,1,SHM - Sertifikat Hak Milik,"Kotagede, Yogyakarta Kota, Yogyakarta D.I."
100,Kode RSH806 #Rumah Siap Huni Di Karang Mojo Gunungkidul Yogyakarta,Rp 450.000.000,500,350,2,2,1,SHM - Sertifikat Hak Milik,"Karangmojo, Gunung Kidul Kab., Yogyakarta D.I."
101,Rumah dalam perum Purwomartani,Rp 1.600.000.000,107,130,3,2,2,SHM - Sertifikat Hak Milik,"Sleman, Sleman Kab., Yogyakarta D.I."
102,DIJUAL RUMAH NO.B7 PERUMAHAN TELAGA JATI ASRI,Rp 330.000.000,153,60,3,1,1,HGB - Hak Guna Bangun,"Wonosari, Gunung Kidul Kab., Yogyakarta D.I."
103,Rumah Mewah Gagah SIAP HUNI,Rp 625.000.000,105,56,3,1,1,SHM - Sertifikat Hak Milik,"Godean, Sleman Kab., Yogyakarta D.I."
104,Rumah murah perumahan pondok permai Tamantirto dekat UMY,Rp 1.350.000.000,145,90,3,2,0,,"Kasihan, Bantul Kab., Yogyakarta D.I."
105,rumah siap huni jl Godean km 10 ke Utara dekat RS at turots,Rp 460.000.005,101,70,3,2,1,SHM - Sertifikat Hak Milik,"Seyegan, Sleman Kab., Yogyakarta D.I."
106,Dijual Rumah Baru Utara JogyaBay Maguwo,Rp 775.000.000,135,80,3,2,,SHM - Sertifikat Hak Milik,"Ngemplak, Sleman Kab., Yogyakarta D.I."
107,Rumah baru Sardonoharjo dekat kampus Uii,Rp 750.000.000,189,100,3,2,1,SHM - Sertifikat Hak Milik,"Ngaglik, Sleman Kab., Yogyakarta D.I."
108,Rumah minimalis siap huni lingkungan sejuk tamanan banguntapan,Rp 365.000.000,91,45,2,1,1,SHM - Sertifikat Hak Milik,"Kotagede, Yogyakarta Kota, Yogyakarta D.I."
109,Rumah Dekat Paar Bantul Desain Mewah di Deresan Proses Bangun,Rp 340.000.033,73,36,2,1,1,SHM - Sertifikat Hak Milik,"Kasihan, Bantul Kab., Yogyakarta D.I."
110,Jual Rumah Siap Huni Type 113m2 Di Yogyakarta Legalitas SHM Siap KPR,Rp 925.000.066,112,113,4,3,1,SHM - Sertifikat Hak Milik,"Umbulharjo, Yogyakarta Kota, Yogyakarta D.I."
111,TURUN HARGA Dijual rumah 1 lantai diarea premium Demangan Baru,Rp 4.900.000.000,442,350,6,4,1,SHM - Sertifikat Hak Milik,"Depok, Sleman Kab., Yogyakarta D.I."
112,Dijual Rumah Siap Huni Harga Ekonomis Hanya 5 Menit Ke Jl Jogja-Solo,Rp 670.000.000,104,51,2,2,0,,"Kalasan, Sleman Kab., Yogyakarta D.I."
113,Rumah Gedong Kuning Dlm Ringroad,Rp 480.000.000,75,55,2,1,,,"Kotagede, Yogyakarta Kota, Yogyakarta D.I."
114,"DIJUAL  MURAH SEGERA !!!
RUMAH SIAP HUNI 350 JUTA DI SLEMAN",Rp 350.000.000,0,0,2,1,0,,"Kalasan, Sleman Kab., Yogyakarta D.I."
115,"Dijual Rumah murah model klasik
Di Perumahan daerah Gowok",Rp 1.300.000.000,160,160,3,2,1,SHM - Sertifikat Hak Milik,"Depok, Sleman Kab., Yogyakarta D.I."
116,"Rumah siap bangun 435 juta dekat polres bantul,  gose di ringinharjo",Rp 435.000.001,90,45,2,1,1,SHM - Sertifikat Hak Milik,"Bantul, Bantul Kab., Yogyakarta D.I."
117,Rumah siap huni terbaik di area nya,Rp 399.999.999,91,45,2,1,1,SHM - Sertifikat Hak Milik,"Mergangsan, Yogyakarta Kota, Yogyakarta D.I."
118,Rumah induk dan kos kosan kodya wirosaban,Rp 2.200.000.003,238,250,9,6,2,SHM - Sertifikat Hak Milik,"Umbulharjo, Yogyakarta Kota, Yogyakarta D.I."
119,"DIJUAL  MURAH SEGERA !!!
RUMAH SIAP HUNI 350 JUTA DI SLEMAN",Rp 350.000.000,110,40,2,1,1,SHM - Sertifikat Hak Milik,"Kalasan, Sleman Kab., Yogyakarta D.I."
120,Rumah Cantik Modern dekat SCH Mall,Rp 675.888.222,84,120,4,2,2,SHM - Sertifikat Hak Milik,"Mlati, Sleman Kab., Yogyakarta D.I."
121,"Rumah Induk+ Kost Pringwulung dkt UAJY Mrican,Sadhar,Gejayan,Ambarukmo",Rp 1.600.000.000,200,200,8,2,1,SHM - Sertifikat Hak Milik,"Depok, Sleman Kab., Yogyakarta D.I."
122,Jual Rumah Fully Furnished Dalam Perumahan Griya Pengasih Kulon Progo,Rp 300.000.000,93,29,1,1,1,HGB - Hak Guna Bangun,"Pengasih, Kulon Progo Kab., Yogyakarta D.I."
123,Rumah Baru Jl Kaliurang Km 13 Dekat Kampus UII PPPG Proses Bangun,Rp 950.000.000,75,129,2,1,1,SHM - Sertifikat Hak Milik,"Ngaglik, Sleman Kab., Yogyakarta D.I."
124,Rumah siap huni terbaik di area nya,Rp 399.999.999,91,45,2,1,1,SHM - Sertifikat Hak Milik,"Mergangsan, Yogyakarta Kota, Yogyakarta D.I."
125,Rumah induk dan kos kosan kodya wirosaban,Rp 2.200.000.003,238,250,9,6,2,SHM - Sertifikat Hak Milik,"Umbulharjo, Yogyakarta Kota, Yogyakarta D.I."
126,"DIJUAL  MURAH SEGERA !!!
RUMAH SIAP HUNI 350 JUTA DI SLEMAN",Rp 350.000.000,110,40,2,1,1,SHM - Sertifikat Hak Milik,"Kalasan, Sleman Kab., Yogyakarta D.I."
127,Dijual Rumah Di Kasihan Bantul Dekat Wisata Gerabah Kasongan,Rp 475.000.008,70,48,2,1,1,SHM - Sertifikat Hak Milik,"Kasihan, Bantul Kab., Yogyakarta D.I."
128,Dijual Rumah Siap Huni Harga Ekonomis Hanya 5 Menit Ke Jl Jogja-Solo,Rp 670.000.000,104,51,2,2,0,,"Kalasan, Sleman Kab., Yogyakarta D.I."
129,Rumah Barat Bnatul Kota Desain Mewah di Guwosari Proses Bangun,Rp 345.000.002,90,45,2,1,1,SHM - Sertifikat Hak Milik,"Pajangan, Bantul Kab., Yogyakarta D.I."
130,Rumah 2 lantai full furnish dekat hotel hyatt,Rp 1.700.000.000,136,110,3,2,2,SHM - Sertifikat Hak Milik,"Mlati, Sleman Kab., Yogyakarta D.I."
131,Dekat UMY Hunian Siap Huni Harga 300 jtan,Rp 395.000.000,91,45,2,1,1,SHM - Sertifikat Hak Milik,"Jetis, Yogyakarta Kota, Yogyakarta D.I."
132,RUMAH MURAH BAGUS STRATEGIS DEKAT TERMINAL CONDONGCATUR SLEMAN YOGYA,Rp 650.000.000,91,67,2,1,1,SHM - Sertifikat Hak Milik,"Depok, Sleman Kab., Yogyakarta D.I."
133,Riumah Model Paris di Perum Elite Merapi View Jl Kaliurang dekat UII B,Rp 2.300.000.000,162,100,3,2,2,SHM - Sertifikat Hak Milik,"Ngaglik, Sleman Kab., Yogyakarta D.I."
134,Rumah Murah di Bangunjiwo Kasihan Bantul Kota dekat Ambarketawang,Rp 285.000.008,77,48,2,1,1,SHM - Sertifikat Hak Milik,"Kasihan, Bantul Kab., Yogyakarta D.I."
135,"Rumah Idaman Area Jalan Damai, Harga Murah, Strategis",Rp 790.008.780,106,60,3,2,1,SHM - Sertifikat Hak Milik,"Ngaglik, Sleman Kab., Yogyakarta D.I."
136,Hunian di pusat kota Yogyakarta Cluster PATRA GRAHA BANGUNJIWO,Rp 355.578.888,91,45,2,1,1,SHM - Sertifikat Hak Milik,"Mantrijeron, Yogyakarta Kota, Yogyakarta D.I."
137,Rumah Klasik Mewah Dengan Perabot Lengkap Dekat Pamella Tujuh Kalasan,Rp 2.000.000.000,128,258,5,4,2,SHM - Sertifikat Hak Milik,"Kalasan, Sleman Kab., Yogyakarta D.I."
138,Rumah Murah Bisa KPR di Area Prambanan: Konsep Heritage,Rp 260.009.999,87,45,2,1,1,SHM - Sertifikat Hak Milik,"Sleman, Sleman Kab., Yogyakarta D.I."
139,Rumah Pinggir Jalan Magelang (Strategis Banget),Rp 1.495.000.000,103,110,4,2,2,SHM - Sertifikat Hak Milik,"Mlati, Sleman Kab., Yogyakarta D.I."
140,Rumah Murah Area Kampus Uii harga Murah,Rp 680.000.000,123,54,3,1,1,SHM - Sertifikat Hak Milik,"Ngaglik, Sleman Kab., Yogyakarta D.I."
141,"Rumah Dekat UGM, UTY, JCM",Rp 1.500.000.000,126,90,3,2,1,HGB - Hak Guna Bangun,"Mlati, Sleman Kab., Yogyakarta D.I."
142,Dijual Cepat Hunian Murah kawasan ring road minimalis modern,Rp 481.000.000,120,55,2,1,1,SHM - Sertifikat Hak Milik,"Godean, Sleman Kab., Yogyakarta D.I."
143,Rumah Baru Jl Kaliurang Km 13 Dekat Kampus UII PPPG Proses Bangun,Rp 950.000.000,75,129,2,1,1,SHM - Sertifikat Hak Milik,"Ngaglik, Sleman Kab., Yogyakarta D.I."
144,Rumah Klasik Mewah Dengan Perabot Lengkap Dekat Pamella Tujuh Kalasan,Rp 2.000.000.000,128,258,5,4,2,SHM - Sertifikat Hak Milik,"Kalasan, Sleman Kab., Yogyakarta D.I."
145,Rumah Murah Bisa KPR di Area Prambanan: Konsep Heritage,Rp 260.009.999,87,45,2,1,1,SHM - Sertifikat Hak Milik,"Sleman, Sleman Kab., Yogyakarta D.I."
146,Rumah Pinggir Jalan Magelang (Strategis Banget),Rp 1.495.000.000,103,110,4,2,2,SHM - Sertifikat Hak Milik,"Mlati, Sleman Kab., Yogyakarta D.I."
147,Rumah Dekat Alun-alun Bantul di Jl Selarong Proses Bangun,Rp 330.000.002,84,45,2,1,1,SHM - Sertifikat Hak Milik,"Pajangan, Bantul Kab., Yogyakarta D.I."
148,"Rumah Belakang CassaGrande Jl Ringroad, SIAP HUNI",Rp 850.000.000,150,300,3,2,2,SHM - Sertifikat Hak Milik,"Depok, Sleman Kab., Yogyakarta D.I."
149,Rumah Minimalis di Maguwoharjo dekat Pasar Stan dan Tajem,Rp 450.000.000,91,45,2,1,1,SHM - Sertifikat Hak Milik,"Pakualaman, Yogyakarta Kota, Yogyakarta D.I."
150,Rumah cantik dekat kampus UGM lingkungan nyaman dan strategis,Rp 999.900.000,122,120,3,2,1,SHM - Sertifikat Hak Milik,"Depok, Sleman Kab., Yogyakarta D.I."
151,Launching!! Selatan Perum Pertamina Perumahan Konsep Modern Purwo,Rp 873.000.990,118,70,3,2,1,SHM - Sertifikat Hak Milik,"Sleman, Sleman Kab., Yogyakarta D.I."
152,"Rumah Dalam Perumahan Jl.Palagan Km.8 Dekat Hyatt,Monjali,UGM",Rp 775.000.000,91,60,2,1,1,SHM - Sertifikat Hak Milik,"Ngaglik, Sleman Kab., Yogyakarta D.I."
153,Rumah Dekat Jalan Imogiri Timur di Puton Jetis Siap Bangun,Rp 385.000.000,107,45,2,1,1,SHM - Sertifikat Hak Milik,"Jetis, Bantul Kab., Yogyakarta D.I."
154,Rumah Murah Strategis Tanah Luas Barat SMU 1 Teladan Wirobrajan,Rp 899.000.000,225,225,5,3,1,SHM - Sertifikat Hak Milik,"Kasihan, Bantul Kab., Yogyakarta D.I."
155,Rumah siap huni terbaik di area nya,Rp 469.000.000,91,45,2,1,1,SHM - Sertifikat Hak Milik,"Pakualaman, Yogyakarta Kota, Yogyakarta D.I."
156,Rumah Dijual Timur Masjid Suciati jl Gitogati Sleman,Rp 725.000.000,116,90,2,1,0,,"Sleman, Sleman Kab., Yogyakarta D.I."
157,Rumah Baru Mewah Luxury 3 Lantai Pinggir Jalan Di Jl. Kaliurang Km. 7,Rp 5.250.000.000,1,1,3,3,0,,"Mlati, Sleman Kab., Yogyakarta D.I."
158,Free Carport dan Garasi  Rumah Baru Minimalis di Tamantirto,Rp 389.999.999,91,45,2,1,1,SHM - Sertifikat Hak Milik,"Mergangsan, Yogyakarta Kota, Yogyakarta D.I."
159,"Dijual Rumah Sleman, Umbulmartani View Merapi Timur Kampus UII TERPADU",Rp 650.000.088,104,63,2,1,2,SHM - Sertifikat Hak Milik,"Ngemplak, Sleman Kab., Yogyakarta D.I."
160,"Rumah Dekat UGM, UTY, JCM",Rp 1.500.000.000,126,90,3,2,1,HGB - Hak Guna Bangun,"Mlati, Sleman Kab., Yogyakarta D.I."
161,"RUMAH DENGAN TANAH LUAS BARAT UGM &amp; RS.SARJIYO DEKAT TUGU, MALIOBORO",Rp 2.098.900.000,150,300,6,2,2,SHM - Sertifikat Hak Milik,"Tegalrejo, Yogyakarta Kota, Yogyakarta D.I."
162,Rumah dijual rumah minimalis di mlati sleman jogja yogya yogyakarta,Rp 675.000.000,90,60,3,2,0,SHM - Sertifikat Hak Milik,"Mlati, Sleman Kab., Yogyakarta D.I."
163,RUMAH EXCLUSIVE KRATON YOGYAKARTA,Rp 4.900.000.000,446,300,2,3,1,SHM - Sertifikat Hak Milik,"Kotagede, Yogyakarta Kota, Yogyakarta D.I."
164,Rumah Baru Barat Lapangan Denggung Sleman Siap Bangun,Rp 385.000.000,84,45,2,1,0,,"Sleman, Sleman Kab., Yogyakarta D.I."
165,Rumah Minimalis Jl Pendowoharjo Dalam Cluster,Rp 480.000.000,112,45,2,1,1,SHM - Sertifikat Hak Milik,"Tempel, Sleman Kab., Yogyakarta D.I."
166,Rumah Modern Nyaman Untuk Keluarga,Rp 400.000.000,83,45,2,1,1,SHM - Sertifikat Hak Milik,"Sedayu, Bantul Kab., Yogyakarta D.I."
167,Rumah Tropis di Laguna Spring Jalan Wonosari,Rp 2.500.000.000,127,130,3,3,2,HGB - Hak Guna Bangun,"Banguntapan, Bantul Kab., Yogyakarta D.I."
168,Bu jual rumah baru tanah luas di manisrenggo view sawah,Rp 375.000.000,67,50,2,1,1,SHM - Sertifikat Hak Milik,"Kalasan, Sleman Kab., Yogyakarta D.I."
169,Dijual rumah minimalis siap huni di daerah gamping ringroad barat,Rp 800.000.000,141,55,2,1,1,SHM - Sertifikat Hak Milik,"Sleman, Sleman Kab., Yogyakarta D.I."
170,Rumah Murah Jl Padma Dekat Hotel Hyatt Kampus UGM,Rp 845.000.000,113,80,2,1,0,,"Mlati, Sleman Kab., Yogyakarta D.I."
171,Rumah Baru Siap Huni Di jl Imogiri barat Utara Polsek Jetis Bantul,Rp 380.000.000,85,50,2,1,0,,"Pajangan, Bantul Kab., Yogyakarta D.I."
172,Rumah Baru Siap Huni Di Jalan Imogiri Barat Dekat Kota Jogja,Rp 400.000.000,85,60,2,1,1,SHM - Sertifikat Hak Milik,"Jetis, Bantul Kab., Yogyakarta D.I."
173,Rumah jogja dekat SCH american style,Rp 1.545.000.000,120,136,3,2,,,"Ngaglik, Sleman Kab., Yogyakarta D.I."
174,Rumah 2 lantai dekat Harjolukito di blok O,Rp 950.000.000,162,280,3,3,2,SHM - Sertifikat Hak Milik,"Banguntapan, Bantul Kab., Yogyakarta D.I."
175,Rumah Mewah Dekat RSA UGM Di Bawah 1 M,Rp 975.000.000,171,150,4,3,0,,"Mlati, Sleman Kab., Yogyakarta D.I."
176,Murah! Perumahan Modern Konsep Eropa Dekat Kids Fun,Rp 650.009.900,209,100,3,2,1,SHM - Sertifikat Hak Milik,"Sleman, Sleman Kab., Yogyakarta D.I."
177,rumah baru siap huni Jakal KM 12,Rp 800.000.000,148,80,3,2,0,,"Mlati, Sleman Kab., Yogyakarta D.I."
178,"Rumah Siap Huni Dekat Kelurahan Bangunjiwo,10 menit ke kampus UMY",Rp 530.000.000,107,53,2,2,1,SHM - Sertifikat Hak Milik,"Kasihan, Bantul Kab., Yogyakarta D.I."
179,Dijual Hunian Murah Proses Finishing Barat Klinik Widuri,Rp 475.000.000,112,47,2,1,0,,"Sleman, Sleman Kab., Yogyakarta D.I."
180,Dijual rumah dalam komplek perumahan di seputaran banguntapan bantul,Rp 485.000.000,86,60,2,2,1,SHM - Sertifikat Hak Milik,"Piyungan, Bantul Kab., Yogyakarta D.I."
181,Jual kos di umbulharjo jogja,Rp 850.000.000,156,156,7,3,2,SHM - Sertifikat Hak Milik,"Umbulharjo, Yogyakarta Kota, Yogyakarta D.I."
182,Jual rumah di griya perwita wisata jalan Kaliurang Jogja,Rp 700.000.000,84,60,3,2,2,SHM - Sertifikat Hak Milik,"Ngaglik, Sleman Kab., Yogyakarta D.I."
183,RUMAH DI PURWOMARTANI KALASAN SLEMAN DALAM CLUSTER DEKAT SAMBISARI,Rp 1.600.000.000,146,134,4,4,2,SHM - Sertifikat Hak Milik,"Kalasan, Sleman Kab., Yogyakarta D.I."
184,Rumah jogja dekat SCH american style,Rp 1.545.000.000,120,136,3,2,,,"Ngaglik, Sleman Kab., Yogyakarta D.I."
185,Rumah 2 lantai dekat Harjolukito di blok O,Rp 950.000.000,162,280,3,3,2,SHM - Sertifikat Hak Milik,"Banguntapan, Bantul Kab., Yogyakarta D.I."
186,Rumah Mewah Dekat RSA UGM Di Bawah 1 M,Rp 975.000.000,171,150,4,3,0,,"Mlati, Sleman Kab., Yogyakarta D.I."
187,Murah! Perumahan Modern Konsep Eropa Dekat Kids Fun,Rp 650.009.900,209,100,3,2,1,SHM - Sertifikat Hak Milik,"Sleman, Sleman Kab., Yogyakarta D.I."
188,rumah baru siap huni Jakal KM 12,Rp 800.000.000,148,80,3,2,0,,"Mlati, Sleman Kab., Yogyakarta D.I."
189,"Rumah Siap Huni Dekat Kelurahan Bangunjiwo,10 menit ke kampus UMY",Rp 530.000.000,107,53,2,2,1,SHM - Sertifikat Hak Milik,"Kasihan, Bantul Kab., Yogyakarta D.I."
190,Dijual Hunian Murah Proses Finishing Barat Klinik Widuri,Rp 475.000.000,112,47,2,1,0,,"Sleman, Sleman Kab., Yogyakarta D.I."
191,Rumah Dekat Wisata Gabusan Siap Huni di Suruhan Sewon,Rp 350.000.002,85,50,2,1,1,SHM - Sertifikat Hak Milik,"Sewon, Bantul Kab., Yogyakarta D.I."
192,PERUMAHAN MEWAH MULAI 900JUTAAN DEKAT KAMPUS UII - SMR285,Rp 900.000.000,131,70,3,3,2,SHM - Sertifikat Hak Milik,"Ngemplak, Sleman Kab., Yogyakarta D.I."
193,"CLUSTER MEWAH Griya di Maguwoharjo, Jual Cepat",Rp 1.870.000.000,120,135,4,2,0,,"Mlati, Sleman Kab., Yogyakarta D.I."
194,Saatnya Miliki Rumah Konsep Minimalis Bernuansa Putih Elegan 500jutaan,Rp 500.000.018,142,45,2,1,1,SHM - Sertifikat Hak Milik,"Tempel, Sleman Kab., Yogyakarta D.I."
195,DIJUAL MURAH RUMAH 2 LANTAI SEKITAR STADION SULTAN AGUNG,Rp 600.000.000,70,50,2,2,2,SHM - Sertifikat Hak Milik,"Bantul, Bantul Kab., Yogyakarta D.I."
196,Perumahan Bale Tarendra Strategis di jln wates-Yogyakarta,Rp 475.000.000,121,40,2,1,0,SHM - Sertifikat Hak Milik,"Nanggulan, Kulon Progo Kab., Yogyakarta D.I."
197,"RUMAH MINIMALIS PLUS PERABOT DALAM PERUMAHAN 5 MENIT KE UMY -
SMR 325",Rp 890.000.000,901,50,2,1,1,SHM - Sertifikat Hak Milik,"Kasihan, Bantul Kab., Yogyakarta D.I."
198,RUMAH DI SEDAYU BANTUL JALAN WATES KM 9 BELAKANG CIPUTRA,Rp 428.000.000,103,45,2,1,1,SHM - Sertifikat Hak Milik,"Sedayu, Bantul Kab., Yogyakarta D.I."
199,Rumah Hook Strategis Dipinggir Jalan Aspal,Rp 660.000.000,86,50,2,1,1,SHM - Sertifikat Hak Milik,"Berbah, Sleman Kab., Yogyakarta D.I."
200,Jual  rumah etnix pakem,Rp 1.500.000.000,160,195,5,2,2,SHM - Sertifikat Hak Milik,"Sleman, Sleman Kab., Yogyakarta D.I."
201,Rumah Mewah 500 Jutaan di Jogja!,Rp 546.000.000,90,50,2,1,1,SHM - Sertifikat Hak Milik,"Godean, Sleman Kab., Yogyakarta D.I."
202,MURAH BANGET RUMAH MEWAH LUAS DI JL PARANGTRITIS DEKAT KRATON YOGYA,Rp 3.500.000.000,350,500,6,5,2,SHM - Sertifikat Hak Milik,"Sewon, Bantul Kab., Yogyakarta D.I."
203,Rumah apa adanya Nyutran Wirogunan Mergangsan,Rp 790.000.000,222,220,4,3,1,SHM - Sertifikat Hak Milik,"Gondokusuman, Yogyakarta Kota, Yogyakarta D.I."
204,RUMAH MURAH STRATEGIS DI DEKAT KAMPUS UII JL KALIURANG SLEMAN YOGYA,Rp 585.000.000,178,180,3,2,1,SHM - Sertifikat Hak Milik,"Ngemplak, Sleman Kab., Yogyakarta D.I."
205,SMART HOME DESAIN SCANDINAVIAN DI BANTUL DEKAT KIDS FUN,Rp 910.000.000,108,90,3,2,2,SHM - Sertifikat Hak Milik,"Banguntapan, Bantul Kab., Yogyakarta D.I."
206,Rumah di Sedayu Bantul dekat Jalan Utama Wates Akses Jalan Lebar,Rp 385.000.008,88,45,2,1,1,SHM - Sertifikat Hak Milik,"Sedayu, Bantul Kab., Yogyakarta D.I."
207,"Tanah Sleman Murah, Sertipikat SHM, Dekat UII",Rp 450.000.000,107,45,2,1,1,SHM - Sertifikat Hak Milik,"Sleman, Sleman Kab., Yogyakarta D.I."
208,Kode RSH 188 # Rumah Bagus Siap Huni di Barat Polres Sleman Yogyakarat,Rp 350.000.000,90,36,2,1,0,,"Mlati, Sleman Kab., Yogyakarta D.I."
209,Rumah Baru Dalam Cluster JL Kabupaten Dalam Ring Road,Rp 1.468.000.000,101,130,3,3,2,SHM - Sertifikat Hak Milik,"Gamping, Sleman Kab., Yogyakarta D.I."
210,Rumah 2 Lantai Strategis dekat Jalan Taman Siswa,Rp 1.225.000.000,186,220,5,4,2,,"Umbulharjo, Yogyakarta Kota, Yogyakarta D.I."
211,Jual Rumah lokasi Strategis,Rp 700.000.000,111,50,2,2,1,SHM - Sertifikat Hak Milik,"Godean, Sleman Kab., Yogyakarta D.I."
212,"Rumah dijual, Rumah kosan eksklusif full penghuni, dekat Kampus UGM",Rp 900.000.000,70,70,5,5,2,SHM - Sertifikat Hak Milik,"Gamping, Sleman Kab., Yogyakarta D.I."
213,Rumah Baru dan Luas Dalam Ring Road JL Kabupaten,Rp 1.550.000.000,130,129,3,3,2,SHM - Sertifikat Hak Milik,"Gamping, Sleman Kab., Yogyakarta D.I."
214,"RUMAH MINIMALIS 499JUTA SIAP BANGUN DEKAT PASAR GODEAN -
SMR 276",Rp 499.000.000,100,60,2,1,1,SHM - Sertifikat Hak Milik,"Godean, Sleman Kab., Yogyakarta D.I."
215,Dijual Hunian Idaman Strategis Hanya 200 Jutaan di Kulonprogo,Rp 225.000.000,113,40,2,2,1,SHM - Sertifikat Hak Milik,"Pengasih, Kulon Progo Kab., Yogyakarta D.I."
216,Rumah Dijual OBRAL Full Penghuni Di Jalan Kaliurang Km 10 Dekat Bias,Rp 675.000.000,120,120,4,1,,SHM - Sertifikat Hak Milik,"Ngaglik, Sleman Kab., Yogyakarta D.I."
217,Rumah Siap Huni Di Sewon Bantul Dekat Wisata Manding Dan Gabusan,Rp 415.000.008,88,45,2,1,1,SHM - Sertifikat Hak Milik,"Sewon, Bantul Kab., Yogyakarta D.I."
218,"Kost Jogja 2 lantai, 11 Kamar. Pogung Baru. dekat ke kampus UGM. SHM",Rp 3.950.000.000,333,200,5,3,1,SHM - Sertifikat Hak Milik,"Sleman, Sleman Kab., Yogyakarta D.I."
219,Dijual BU Rumah Murah Pol Timur Pabrik Gula Madukismo,Rp 575.000.000,100,80,3,2,,SHM - Sertifikat Hak Milik,"Kasihan, Bantul Kab., Yogyakarta D.I."
220,Dijual cepat karena pindah tugas rumah baru selesai bangun,Rp 575.000.000,103,70,3,1,1,SHM - Sertifikat Hak Milik,"Kasihan, Bantul Kab., Yogyakarta D.I."
221,Rumah Minimalis 2 Lantai Dengan Kolam Renang Pribadi Dekat Kampus UMY,Rp 880.000.005,106,90,3,2,2,SHM - Sertifikat Hak Milik,"Kasihan, Bantul Kab., Yogyakarta D.I."
222,Rumah dekat UII jalan kaliurang km 13,Rp 689.000.000,93,45,2,1,1,HGB - Hak Guna Bangun,"Ngaglik, Sleman Kab., Yogyakarta D.I."
223,Rumah Siap Huni Di Sewon Bantul Dekat Wisata Manding Dan Gabusan,Rp 415.000.008,88,45,2,1,1,SHM - Sertifikat Hak Milik,"Sewon, Bantul Kab., Yogyakarta D.I."
224,"Kost Jogja 2 lantai, 11 Kamar. Pogung Baru. dekat ke kampus UGM. SHM",Rp 3.950.000.000,333,200,5,3,1,SHM - Sertifikat Hak Milik,"Sleman, Sleman Kab., Yogyakarta D.I."
225,Dijual BU Rumah Murah Pol Timur Pabrik Gula Madukismo,Rp 575.000.000,100,80,3,2,,SHM - Sertifikat Hak Milik,"Kasihan, Bantul Kab., Yogyakarta D.I."
226,"Dijual Rumah Mewah Minimalis Dekat Ringroad, Sleman Yogyakarta",Rp 472.500.000,75,45,2,2,2,SHM - Sertifikat Hak Milik,"Gamping, Sleman Kab., Yogyakarta D.I."
227,Rumah full furnished di jln Besi-Jangkang - SMR 220,Rp 696.000.000,130,80,3,2,1,SHM - Sertifikat Hak Milik,"Ngaglik, Sleman Kab., Yogyakarta D.I."
228,Rumah baru di Pandanaran akses jalan 5 mtr dekat UII,Rp 795.000.000,105,71,3,2,0,SHM - Sertifikat Hak Milik,"Ngaglik, Sleman Kab., Yogyakarta D.I."
229,900jt-an Dapat Rumah 2 Lantai Mewah Sebelah Barat Jalan Magelang,Rp 975.000.008,115,100,4,2,2,SHM - Sertifikat Hak Milik,"Mlati, Sleman Kab., Yogyakarta D.I."
230,Dijual Cepat Rumah View Sejuk Dekat Pasar Seni Gabusan,Rp 450.000.000,139,139,2,1,,SHM - Sertifikat Hak Milik,"Sewon, Bantul Kab., Yogyakarta D.I."
231,"Rumah Murah di Selatan Uii, Hanya 200 Juta-an",Rp 195.000.400,50,30,2,1,1,HGB - Hak Guna Bangun,"Ngaglik, Sleman Kab., Yogyakarta D.I."
232,Rumah baru mewah dlm perum dekat casagrande mahuwoharjo,Rp 1.870.000.000,143,110,3,2,2,,"Depok, Sleman Kab., Yogyakarta D.I."
233,"PERUMAHAN MODERN BARU DI JL. KALIURANG

-SMR 312",Rp 800.000.000,112,45,2,1,1,HGB - Hak Guna Bangun,"Ngaglik, Sleman Kab., Yogyakarta D.I."
234,Dijual KOST 80 Kamar Jarak Cuma 20 Meter Dari Kampus UII,Rp 13.000.000.000,1576,2500,&gt;10,&gt;10,2,SHM - Sertifikat Hak Milik,"Ngemplak, Sleman Kab., Yogyakarta D.I."
235,"Rumah Termurah di Jakal, Siap Bangun 10 Unit",Rp 190.002.000,50,30,2,1,1,HGB - Hak Guna Bangun,"Ngaglik, Sleman Kab., Yogyakarta D.I."
236,"jual rmh dkt Jalan Kaliurang,Tiyasan,Condoncatur,perum Banteng",Rp 950.096.390,132,60,3,2,1,SHM - Sertifikat Hak Milik,"Depok, Sleman Kab., Yogyakarta D.I."
237,Rumah dalam perumahan elit jalan palagan km 10,Rp 1.700.000.000,205,80,3,3,2,SHM - Sertifikat Hak Milik,"Ngaglik, Sleman Kab., Yogyakarta D.I."
238,"Kos Eksklusif Siap Bangun dalam Ringriad dekat UGM, Jombor dan JCM",Rp 2.750.000.000,115,170,8,8,2,SHM - Sertifikat Hak Milik,"Jetis, Yogyakarta Kota, Yogyakarta D.I."
239,Kode : RSH 3017 #Rumah Cantik Semi Furnished Dalam Perum Agatama Recen,Rp 925.000.000,148,64,3,2,1,HGB - Hak Guna Bangun,"Banguntapan, Bantul Kab., Yogyakarta D.I."
240,"Kode RSH 162 #  Rumah Cantik Siap Huni di Jl Kaliurang km 7,8 Ngaglik",Rp 1.100.000.000,175,125,3,2,1,SHM - Sertifikat Hak Milik,"Ngaglik, Sleman Kab., Yogyakarta D.I."
241,Rumah baru dekat UII Pusat di jakal km 13,Rp 750.000.000,129,75,2,1,1,SHM - Sertifikat Hak Milik,"Ngaglik, Sleman Kab., Yogyakarta D.I."
242,MURAH! JUAL CEPAT RUMAH CANTIK 2 LANTAI DI SLEMAN,Rp 835.000.000,115,130,4,3,2,SHM - Sertifikat Hak Milik,"Ngemplak, Sleman Kab., Yogyakarta D.I."
243,Rumah dalam perum Purwomartani,Rp 1.600.000.000,107,130,3,2,2,SHM - Sertifikat Hak Milik,"Sleman, Sleman Kab., Yogyakarta D.I."
244,Rumah dalam perumahan elit jalan palagan km 10,Rp 1.700.000.000,205,80,3,3,2,SHM - Sertifikat Hak Milik,"Ngaglik, Sleman Kab., Yogyakarta D.I."
245,"Kos Eksklusif Siap Bangun dalam Ringriad dekat UGM, Jombor dan JCM",Rp 2.750.000.000,115,170,8,8,2,SHM - Sertifikat Hak Milik,"Jetis, Yogyakarta Kota, Yogyakarta D.I."
246,Rumah kost ekslusif lingkungan selatan kampus UII jakal kM 14,Rp 5.500.000.000,303,1016,&gt;10,&gt;10,4,SHM - Sertifikat Hak Milik,"Ngaglik, Sleman Kab., Yogyakarta D.I."
247,Oemah Joglo 312 m2 Besi Jangkang JL Kaliurang Sukoharjo Ngaglik,Rp 799.000.000,112,45,2,1,1,HGB - Hak Guna Bangun,"Ngaglik, Sleman Kab., Yogyakarta D.I."
248,"For SALE, Rumah Mewah di Utara Jogja Bay, One Gates System",Rp 1.505.000.000,123,180,4,3,2,SHM - Sertifikat Hak Milik,"Ngemplak, Sleman Kab., Yogyakarta D.I."
249,Dijual kos dan rumah induk di condong catur dekat UPN,Rp 3.800.000.000,130,230,&gt;10,&gt;10,2,SHM - Sertifikat Hak Milik,"Depok, Sleman Kab., Yogyakarta D.I."
250,Kost dijual Jogja di Jakal 5 menit ke Kampus UII Jalan Kaliurang KM 13,Rp 1.900.000.000,150,250,&gt;10,&gt;10,2,SHM - Sertifikat Hak Milik,"Ngaglik, Sleman Kab., Yogyakarta D.I."
251,Kost 13 KT Eksklusif Jakal Kaliurang Km 13 jogja kos dekat Kampus UII,Rp 2.100.000.080,285,165,&gt;10,&gt;10,2,SHM - Sertifikat Hak Milik,"Ngaglik, Sleman Kab., Yogyakarta D.I."
252,Griya Perumahan Purwo Sleman Dkat JL Tajem Wedomartani Maguwoharjo,Rp 699.000.000,102,60,2,1,1,SHM - Sertifikat Hak Milik,"Kalasan, Sleman Kab., Yogyakarta D.I."
253,Rumah baru dekat UII jakal km 13 besi jangkang,Rp 775.000.000,135,80,3,2,1,SHM - Sertifikat Hak Milik,"Ngaglik, Sleman Kab., Yogyakarta D.I."
254,Rumah Modern Sertifikat SHM Dekat Pamela 7,Rp 553.050.000,107,45,2,1,0,SHM - Sertifikat Hak Milik,"Kalasan, Sleman Kab., Yogyakarta D.I."
255,Kost 13 KT Eksklusif Jakal Kaliurang Km 13 jogja kos dekat Kampus UII,Rp 2.100.000.080,200,250,&gt;10,&gt;10,2,SHM - Sertifikat Hak Milik,"Ngaglik, Sleman Kab., Yogyakarta D.I."
256,"Kost Eksklusif dekat UGM Monjali,Pogung,Pandega Jogja,kos Nandan",Rp 3.300.000.000,200,300,&gt;10,&gt;10,2,HGB - Hak Guna Bangun,"Depok, Sleman Kab., Yogyakarta D.I."
257,Rumah Cantik Berkualitas Di Jalan Kaliurang Km 13 Dekat UGM,Rp 835.000.000,100,130,3,2,1,SHM - Sertifikat Hak Milik,"Ngaglik, Sleman Kab., Yogyakarta D.I."
258,Rumah Siap Huni Jual Cepat Di Sleman Legalitas SHM &amp; IMB Siap KPR,Rp 585.000.088,93,54,2,1,1,SHM - Sertifikat Hak Milik,"Ngemplak, Sleman Kab., Yogyakarta D.I."
259,"Rumah Mewah Baru di Jalan kaliurang Km 8,5 Akses Jalan Besar",Rp 2.700.000.000,252,200,5,3,2,SHM - Sertifikat Hak Milik,"Sleman, Sleman Kab., Yogyakarta D.I."
260,"Rumah Cantik di Dekat SMKN 1 Kalasan , RS Bhayangkara 400Jutaan",Rp 488.000.000,100,45,2,1,1,SHM - Sertifikat Hak Milik,"Ngemplak, Sleman Kab., Yogyakarta D.I."
261,Rumah sederhana dalam ringroad dekat UPY sonosewu nitiprayan UMY,Rp 300.000.000,46,46,2,1,1,SHM - Sertifikat Hak Milik,"Mantrijeron, Yogyakarta Kota, Yogyakarta D.I."
262,Rumah 7 menit ke umy,Rp 360.000.000,82,70,2,1,1,SHM - Sertifikat Hak Milik,"Gamping, Sleman Kab., Yogyakarta D.I."
263,MURAH! JUAL CEPAT RUMAH CANTIK 2 LANTAI DI SLEMAN,Rp 835.000.000,115,130,4,3,2,SHM - Sertifikat Hak Milik,"Ngemplak, Sleman Kab., Yogyakarta D.I."
264,Kost 13 KT Eksklusif Jakal Kaliurang Km 13 jogja kos dekat Kampus UII,Rp 2.100.000.080,200,250,&gt;10,&gt;10,2,SHM - Sertifikat Hak Milik,"Ngaglik, Sleman Kab., Yogyakarta D.I."
265,"Kost Eksklusif dekat UGM Monjali,Pogung,Pandega Jogja,kos Nandan",Rp 3.300.000.000,200,300,&gt;10,&gt;10,2,HGB - Hak Guna Bangun,"Depok, Sleman Kab., Yogyakarta D.I."
266,Rumah Cantik Berkualitas Di Jalan Kaliurang Km 13 Dekat UGM,Rp 835.000.000,100,130,3,2,1,SHM - Sertifikat Hak Milik,"Ngaglik, Sleman Kab., Yogyakarta D.I."
267,Rumah Siap Huni Jual Cepat Di Sleman Legalitas SHM &amp; IMB Siap KPR,Rp 585.000.088,93,54,2,1,1,SHM - Sertifikat Hak Milik,"Ngemplak, Sleman Kab., Yogyakarta D.I."
268,"Rumah Mewah Baru di Jalan kaliurang Km 8,5 Akses Jalan Besar",Rp 2.700.000.000,252,200,5,3,2,SHM - Sertifikat Hak Milik,"Sleman, Sleman Kab., Yogyakarta D.I."
269,Rumah Dekat Jombor Di Mlati Seyegan Murah 600 Jutaan Dekat Pemda,Rp 675.000.000,90,60,3,2,1,SHM - Sertifikat Hak Milik,"Mlati, Sleman Kab., Yogyakarta D.I."
270,"Selangkah Menuju Kampus UMY,Rumah Murah Kasihan",Rp 486.000.003,91,45,2,1,1,SHM - Sertifikat Hak Milik,"Danurejan, Yogyakarta Kota, Yogyakarta D.I."
271,Rumah Di Jalan Pandanaran Yogyakarta Luas dan Murah,Rp 800.000.001,140,73,3,2,1,SHM - Sertifikat Hak Milik,"Ngaglik, Sleman Kab., Yogyakarta D.I."
272,Rumah Mungil di Purwomartani Timur Perumahan Pertamina,Rp 585.000.001,129,90,3,2,1,SHM - Sertifikat Hak Milik,"Kalasan, Sleman Kab., Yogyakarta D.I."
273,"400 Jutaan, Cluster Tamantirto Hills Kasihan Bantul, Siap Bangun",Rp 470.000.000,97,45,2,1,1,SHM - Sertifikat Hak Milik,"Ngampilan, Yogyakarta Kota, Yogyakarta D.I."
274,MINIMALIS Terjangkau Hanya 5 Menit Kampus UII KALIURANG,Rp 575.000.000,87,60,3,2,2,SHM - Sertifikat Hak Milik,"Ngaglik, Sleman Kab., Yogyakarta D.I."
275,Rumah Strategis Lingkungan Perumahan di Jalan Kaliurang km 9,Rp 1.500.000.000,100,90,3,3,1,SHM - Sertifikat Hak Milik,"Ngaglik, Sleman Kab., Yogyakarta D.I."
276,HUNIAN MODERN MINIMALIS SIAP HUNI LOKASI PREMIUM,Rp 700.000.211,101,47,2,1,0,,"Mlati, Sleman Kab., Yogyakarta D.I."
277,Promo Lebaran  Cluster Modern  di Tamantirto,Rp 479.999.999,97,45,2,1,1,SHM - Sertifikat Hak Milik,"Mantrijeron, Yogyakarta Kota, Yogyakarta D.I."
278,RUMAH MINIMALIS MODERN CANTIK DI JOGJA UTARA - SMR120,Rp 415.000.000,121,45,2,1,1,SHM - Sertifikat Hak Milik,"Tempel, Sleman Kab., Yogyakarta D.I."
279,Rumah Baru Lingkungan Padat 3 KM Dari Jogja Bay,Rp 550.800.000,108,45,2,1,1,SHM - Sertifikat Hak Milik,"Kalasan, Sleman Kab., Yogyakarta D.I."
280,"Rumah Induk+ Kost Pringwulung dkt UAJY Mrican,Sadhar,Gejayan,Ambarukmo",Rp 1.600.000.000,200,200,8,2,1,SHM - Sertifikat Hak Milik,"Depok, Sleman Kab., Yogyakarta D.I."
281,"Rumah Mewah + 4 Ruko Dkt UGM, UNY, UKDW, SADHAR",Rp 50.000.000.000,1119,1119,8,6,2,SHM - Sertifikat Hak Milik,"Depok, Sleman Kab., Yogyakarta D.I."
282,Rumah Minimalis 2 Lantai Dengan Kolam Renang Pribadi Dekat Kampus UMY,Rp 880.000.005,106,90,3,2,2,SHM - Sertifikat Hak Milik,"Kasihan, Bantul Kab., Yogyakarta D.I."
283,Rumah kos2an 14 KT 14 KM full penghuni bisa TT samping minimarket,Rp 2.250.000.000,287,287,&gt;10,&gt;10,1,SHM - Sertifikat Hak Milik,"Kasihan, Bantul Kab., Yogyakarta D.I."
284,HUNIAN MODERN MINIMALIS SIAP HUNI LOKASI PREMIUM,Rp 700.000.211,101,47,2,1,0,,"Mlati, Sleman Kab., Yogyakarta D.I."
285,Promo Lebaran  Cluster Modern  di Tamantirto,Rp 479.999.999,97,45,2,1,1,SHM - Sertifikat Hak Milik,"Mantrijeron, Yogyakarta Kota, Yogyakarta D.I."
286,RUMAH MINIMALIS MODERN CANTIK DI JOGJA UTARA - SMR120,Rp 415.000.000,121,45,2,1,1,SHM - Sertifikat Hak Milik,"Tempel, Sleman Kab., Yogyakarta D.I."
287,Rumah Baru Lingkungan Padat 3 KM Dari Jogja Bay,Rp 550.800.000,108,45,2,1,1,SHM - Sertifikat Hak Milik,"Kalasan, Sleman Kab., Yogyakarta D.I."
288,"RUMAH KAVLING MODERN STRATEGIS DI SIDOARUM, GODEAN - SMR 100",Rp 830.000.000,151,90,3,2,1,SHM - Sertifikat Hak Milik,"Godean, Sleman Kab., Yogyakarta D.I."
289,"Diskon Lebaran Rumah Dijual Murah , Ambarketawang",Rp 520.200.000,91,45,2,1,1,SHM - Sertifikat Hak Milik,"Kraton, Yogyakarta Kota, Yogyakarta D.I."
290,HUNIAN MODERN DEKAT KARST TUBING - SMR 246,Rp 530.000.000,110,45,2,1,1,SHM - Sertifikat Hak Milik,"Sedayu, Bantul Kab., Yogyakarta D.I."
291,Jual Rumah Siap Huni Di Sleman Harga Terjangkau Siap KPR,Rp 585.000.057,120,88,3,2,1,SHM - Sertifikat Hak Milik,"Ngemplak, Sleman Kab., Yogyakarta D.I."
292,Rumah Dijual LT:250 Perumahan Banteng Jl. Kaliurang Km. 7 dkt UGM,Rp 2.900.000.000,150,140,5,3,2,SHM - Sertifikat Hak Milik,"Ngaglik, Sleman Kab., Yogyakarta D.I."
293,Rumah murah di area Lempongsari Palagan,Rp 685.000.000,113,105,2,1,0,,"Mlati, Sleman Kab., Yogyakarta D.I."
294,RUMAH BANGUNTAPAN POTORONO JL PLERET DEKAT KOTAGEDE UAD GIWANGAN JOGJA,Rp 510.000.000,90,37,2,1,1,SHM - Sertifikat Hak Milik,"Banguntapan, Bantul Kab., Yogyakarta D.I."
295,Kode RSH 191 # Rumah Cantik  baru Siap Huni di Karangasem Patalan Jeti,Rp 400.000.000,120,120,2,1,1,SHM - Sertifikat Hak Milik,"Jetis, Bantul Kab., Yogyakarta D.I."
296,RUMAH MEWAH MODERN STRATEGIS DEKAT JOGJA BAY - SMR 234,Rp 1.500.000.000,97,150,5,3,2,SHM - Sertifikat Hak Milik,"Ngaglik, Sleman Kab., Yogyakarta D.I."
297,RUMAH CANTIK FULL FURNISHED JAKAL KM 9,Rp 675.000.000,107,70,3,2,0,,"Mlati, Sleman Kab., Yogyakarta D.I."
298,"400 Jutaan, Cluster Tamantirto Hills Kasihan Bantul, Siap Bangun",Rp 470.000.000,91,45,2,1,1,SHM - Sertifikat Hak Milik,"Sewon, Bantul Kab., Yogyakarta D.I."
299,rumah 200an juta tipe 36 minimalis shm imb minggir sleman,Rp 295.000.000,108,36,2,1,0,SHM - Sertifikat Hak Milik,"Minggir, Sleman Kab., Yogyakarta D.I."
300,"rumah mewah di jalan kaliurang km 13 dkt uii terpadu,pandanaran",Rp 3.950.000.000,419,252,5,5,1,SHM - Sertifikat Hak Milik,"Ngaglik, Sleman Kab., Yogyakarta D.I."
301,Rumah MURAH Siap huni dkt Polres Sleman,Rp 375.000.000,106,47,2,1,1,SHM - Sertifikat Hak Milik,"Sleman, Sleman Kab., Yogyakarta D.I."
302,Rumah Kebun Mewah Konsep Villa Luas 962 meter di Turi,Rp 1.950.000.000,962,160,4,2,2,SHM - Sertifikat Hak Milik,"Turi, Sleman Kab., Yogyakarta D.I."
303,Dijual Kos-kosan Strategis Daerah Kampus Depok Sleman,Rp 1.900.000.000,265,550,&gt;10,7,2,SHM - Sertifikat Hak Milik,"Kraton, Yogyakarta Kota, Yogyakarta D.I."
304,rumah 200an juta tipe 36 minimalis shm imb minggir sleman,Rp 295.000.000,108,36,2,1,0,SHM - Sertifikat Hak Milik,"Minggir, Sleman Kab., Yogyakarta D.I."
305,"RUMAH STRATEGIS DIJUAL DEKAT AMBARUKMO PLAZA
- SMR 319",Rp 1.400.000.000,136,110,4,1,1,SHM - Sertifikat Hak Milik,"Depok, Sleman Kab., Yogyakarta D.I."
306,Rumah Murah Baru Dekat UMY Bagunjiwo,Rp 475.000.000,102,45,3,1,1,SHM - Sertifikat Hak Milik,"Kasihan, Bantul Kab., Yogyakarta D.I."
307,Rumah siap bangun lokasi strategis 50 m jln Godean km 15,Rp 425.000.000,130,36,2,1,1,SHM - Sertifikat Hak Milik,"Moyudan, Sleman Kab., Yogyakarta D.I."
308,Cluster Minimalis Dekat Kampus UMY Lingkungan Nasionalis,Rp 400.000.000,93,45,2,1,1,SHM - Sertifikat Hak Milik,"Mantrijeron, Yogyakarta Kota, Yogyakarta D.I."
309,"5 Menit Stasiun Wates, Luasan 137 m2",Rp 191.800.000,58,30,2,1,1,HGB - Hak Guna Bangun,"Wates, Kulon Progo Kab., Yogyakarta D.I."
310,Rumah Siap Huni di Jl Imogiri Barat KM 12 Jetis Bantul dkt Bantul Kota,Rp 325.000.005,85,60,2,1,1,SHM - Sertifikat Hak Milik,"Jetis, Bantul Kab., Yogyakarta D.I."
311,Rumah 200 Jutaan Murah Minimalis di Gaten Jetis Siap Bangun,Rp 250.000.222,60,36,2,1,1,SHM - Sertifikat Hak Milik,"Jetis, Bantul Kab., Yogyakarta D.I."
312,Di jual rumah baru siap huni pendowoharjo sewon bantul,Rp 450.000.000,91,45,2,1,1,SHM - Sertifikat Hak Milik,"Ngampilan, Yogyakarta Kota, Yogyakarta D.I."
313,"Rumah 2 Lantai Dalam Cluster Di Klidon Sukoharjo, Dekat Kampus UII",Rp 1.150.000.003,121,100,3,3,2,SHM - Sertifikat Hak Milik,"Ngaglik, Sleman Kab., Yogyakarta D.I."
314,"Rumah Murah Tanah Luas dekat Jombor ,  JCM , SCH dan Pusat kota Jogja",Rp 1.000.000.000,225,150,9,9,,SHM - Sertifikat Hak Milik,"Sleman, Sleman Kab., Yogyakarta D.I."
315,HUNIAN MURAH DP RINGAN DEKAT KAMPUS UMY,Rp 300.789.678,72,36,2,1,1,SHM - Sertifikat Hak Milik,"Kasihan, Bantul Kab., Yogyakarta D.I."
316,"Rumah dijual dekat polsek bantul 580 juta siap huni di deresan, bantul",Rp 580.000.010,121,63,2,1,1,SHM - Sertifikat Hak Milik,"Bantul, Bantul Kab., Yogyakarta D.I."
317,,Rp 30.000,44,100,2,1,1,SHM - Sertifikat Hak Milik,"Sleman, Sleman Kab., Yogyakarta D.I."
318,Rumah Minimalis Full Furnished dlm Perumahan Jongke Security 24 Jam,Rp 1.400.000.000,132,90,3,3,1,SHM - Sertifikat Hak Milik,"Mlati, Sleman Kab., Yogyakarta D.I."
319,Murah ! Rumah Baru dalam Perum di jl.imogiri dekat UAD Giwangan Jogja,Rp 776.000.000,88,76,3,2,2,SHM - Sertifikat Hak Milik,"Banguntapan, Bantul Kab., Yogyakarta D.I."
320,Rumah baru jakal km 12 dekat UII sedang proses bangun,Rp 794.900.000,111,70,3,2,1,SHM - Sertifikat Hak Milik,"Ngaglik, Sleman Kab., Yogyakarta D.I."
321,Lokasi strategis dekat dengan pusat kota,Rp 500.000.000,72,72,2,1,1,SHM - Sertifikat Hak Milik,"Pengasih, Kulon Progo Kab., Yogyakarta D.I."
322,"Rumah Induk+ Kost Pringwulung dkt UAJY Mrican,Sadhar,Gejayan,Ambarukmo",Rp 1.600.000.000,200,200,8,2,1,SHM - Sertifikat Hak Milik,"Depok, Sleman Kab., Yogyakarta D.I."
323,Rumah sederhana dalam ringroad dekat UPY sonosewu nitiprayan UMY,Rp 300.000.000,46,46,2,1,1,SHM - Sertifikat Hak Milik,"Mantrijeron, Yogyakarta Kota, Yogyakarta D.I."
324,HUNIAN MURAH DP RINGAN DEKAT KAMPUS UMY,Rp 300.789.678,72,36,2,1,1,SHM - Sertifikat Hak Milik,"Kasihan, Bantul Kab., Yogyakarta D.I."
325,"Rumah dijual dekat polsek bantul 580 juta siap huni di deresan, bantul",Rp 580.000.010,121,63,2,1,1,SHM - Sertifikat Hak Milik,"Bantul, Bantul Kab., Yogyakarta D.I."
326,,Rp 30.000,44,100,2,1,1,SHM - Sertifikat Hak Milik,"Sleman, Sleman Kab., Yogyakarta D.I."
327,Rumah Minimalis Full Furnished dlm Perumahan Jongke Security 24 Jam,Rp 1.400.000.000,132,90,3,3,1,SHM - Sertifikat Hak Milik,"Mlati, Sleman Kab., Yogyakarta D.I."
328,Murah ! Rumah Baru dalam Perum di jl.imogiri dekat UAD Giwangan Jogja,Rp 776.000.000,88,76,3,2,2,SHM - Sertifikat Hak Milik,"Banguntapan, Bantul Kab., Yogyakarta D.I."
329,"NEGO Sampai Deal, Bisa Custom Layout Rumah, Tipe 36, Maguwoharjo",Rp 458.000.000,64,36,2,1,1,SHM - Sertifikat Hak Milik,"Ngemplak, Sleman Kab., Yogyakarta D.I."
330,Rumah Dekat Wisata Kasongan di Jipangan Bangunjiwo Siap Bangun,Rp 325.000.022,80,45,2,1,1,SHM - Sertifikat Hak Milik,"Kasihan, Bantul Kab., Yogyakarta D.I."
331,"Rumah Dekat UNY, UGM Jogja",Rp 2.950.000.000,200,379,6,6,2,SHM - Sertifikat Hak Milik,"Mantrijeron, Yogyakarta Kota, Yogyakarta D.I."
332,Rumah Barat Kota Bantul Pinggir Jl Aspal di Pajangan Proses Bangun,Rp 450.000.000,120,45,2,1,1,SHM - Sertifikat Hak Milik,"Pajangan, Bantul Kab., Yogyakarta D.I."
333,Rumah murah akses papasan dekat RS UII Pandak.1483,Rp 295.000.000,96,45,2,1,1,SHM - Sertifikat Hak Milik,"Pandak, Bantul Kab., Yogyakarta D.I."
334,"Rumah Dekat UGM, BIAS, SCH",Rp 2.700.000.000,218,229,5,5,2,HGB - Hak Guna Bangun,"Mantrijeron, Yogyakarta Kota, Yogyakarta D.I."
335,RUMAH CANTIK MURAH WEDOMARTANI,Rp 895.000.000,97,95,3,2,0,,"Mlati, Sleman Kab., Yogyakarta D.I."
336,Rumah Dekat Jl Imogiri Timur di Jetis Bantul Kota Akses Jalan Aspal,Rp 385.000.009,102,61,3,2,1,SHM - Sertifikat Hak Milik,"Jetis, Bantul Kab., Yogyakarta D.I."
337,Rumah Dekat Kampus UMY di Lemahabang Bangunjiwo Siap Huni,Rp 435.000.003,92,50,2,1,1,SHM - Sertifikat Hak Milik,"Kasihan, Bantul Kab., Yogyakarta D.I."
338,Rumah Modern dan Strategis dekat Amplaz,Rp 1.600.000.000,140,200,4,3,2,SHM - Sertifikat Hak Milik,"Depok, Sleman Kab., Yogyakarta D.I."
339,Rumah Jongke Dekat Pogung,Rp 3.450.000.000,473,397,7,7,2,SHM - Sertifikat Hak Milik,"Mantrijeron, Yogyakarta Kota, Yogyakarta D.I."
340,rumah cantik &amp; kos2an dekat univ aisyiah jogja,Rp 1.300.000.000,77,150,3,2,2,SHM - Sertifikat Hak Milik,"Sleman, Sleman Kab., Yogyakarta D.I."
341,DI JUAL MURAH 725 JT NEGO RUMAH BARU KEMBAR DEKAT UII TERPADU,Rp 725.000.000,126,70,2,2,1,SHM - Sertifikat Hak Milik,"Mlati, Sleman Kab., Yogyakarta D.I."
342,Rumah 7 menit ke umy,Rp 360.000.000,82,70,2,1,1,SHM - Sertifikat Hak Milik,"Gamping, Sleman Kab., Yogyakarta D.I."
343,Rumah Siaphuni type 90/141m2 SHM Rp695jt nego halus,Rp 695.000.000,140,80,3,2,2,SHM - Sertifikat Hak Milik,"Gamping, Sleman Kab., Yogyakarta D.I."
344,Rumah Dekat Kampus UMY di Lemahabang Bangunjiwo Siap Huni,Rp 435.000.003,92,50,2,1,1,SHM - Sertifikat Hak Milik,"Kasihan, Bantul Kab., Yogyakarta D.I."
345,Rumah Modern dan Strategis dekat Amplaz,Rp 1.600.000.000,140,200,4,3,2,SHM - Sertifikat Hak Milik,"Depok, Sleman Kab., Yogyakarta D.I."
346,Rumah Jongke Dekat Pogung,Rp 3.450.000.000,473,397,7,7,2,SHM - Sertifikat Hak Milik,"Mantrijeron, Yogyakarta Kota, Yogyakarta D.I."
347,Rumah klasik etnik jawa tepi aspal dalam beteng kraton legalitas SHM,Rp 3.750.000.000,617,158,5,4,1,SHM - Sertifikat Hak Milik,"Mantrijeron, Yogyakarta Kota, Yogyakarta D.I."
348,Rumah 2 lantai full furnished dalam cluster di Nitikan Umbulharjo,Rp 2.100.000.000,113,130,3,4,2,SHM - Sertifikat Hak Milik,"Umbulharjo, Yogyakarta Kota, Yogyakarta D.I."
349,"Rumah Dekat UMBY, UPN Jogja",Rp 3.000.000.000,237,202,3,2,2,SHM - Sertifikat Hak Milik,"Mantrijeron, Yogyakarta Kota, Yogyakarta D.I."
350,"Berkah Ramadhan,Segera Dapatkan Rumah Hanya 500jt-an di Tridadi Sleman",Rp 520.000.005,87,36,2,1,1,SHM - Sertifikat Hak Milik,"Mlati, Sleman Kab., Yogyakarta D.I."
351,Rumah 2 lantai di kawasan komplek timoho,Rp 2.500.000.000,190,170,5,5,2,SHM - Sertifikat Hak Milik,"Gondokusuman, Yogyakarta Kota, Yogyakarta D.I."
352,"Rumah Mewah Dekat UTY, UGM",Rp 3.300.000.000,552,505,6,4,2,SHM - Sertifikat Hak Milik,"Mantrijeron, Yogyakarta Kota, Yogyakarta D.I."
353,Perumahan Baru Griya Sentosa Utara Jombor,Rp 1.800.000.000,137,155,5,4,2,HGB - Hak Guna Bangun,"Mlati, Sleman Kab., Yogyakarta D.I."
354,"Siap Bangun Hunian Mewah Elit dgn Private Pool, Developer Patrajasa",Rp 4.791.440.000,198,180,3,3,2,HGB - Hak Guna Bangun,"Ngaglik, Sleman Kab., Yogyakarta D.I."
355,Rumah pese. Bangun 5 unit sisa 4 unit di ngemplak jangkang sleman,Rp 375.000.000,64,36,2,1,1,SHM - Sertifikat Hak Milik,"Ngemplak, Sleman Kab., Yogyakarta D.I."
356,Rumah Siap Huni dlm Perumahan Elite Green Hills Jl Kapten Hariyadi,Rp 3.100.000.000,256,399,5,4,2,,"Mantrijeron, Yogyakarta Kota, Yogyakarta D.I."
357,"Rumah Gejayan Dekat UGM, UNY",Rp 3.000.000.000,208,247,6,7,2,SHM - Sertifikat Hak Milik,"Mantrijeron, Yogyakarta Kota, Yogyakarta D.I."
358,"Kost eksklusif seturan kos dekat upn,ykpn,uii, atmajaya babarsari,ugm",Rp 2.300.000.000,145,250,10,10,2,SHM - Sertifikat Hak Milik,"Depok, Sleman Kab., Yogyakarta D.I."
359,"Villa Pakem, Area Wisata Kaliurang",Rp 2.840.000.000,1290,350,4,3,1,SHM - Sertifikat Hak Milik,"Tegalrejo, Yogyakarta Kota, Yogyakarta D.I."
360,Jual kos di umbulharjo jogja,Rp 850.000.000,156,156,7,3,2,SHM - Sertifikat Hak Milik,"Umbulharjo, Yogyakarta Kota, Yogyakarta D.I."
361,Rumah Siaphuni type 90/141m2 SHM Rp695jt nego halus,Rp 695.000.000,140,80,3,2,2,SHM - Sertifikat Hak Milik,"Gamping, Sleman Kab., Yogyakarta D.I."
362,RUMAH DI PURWOMARTANI KALASAN SLEMAN DALAM CLUSTER DEKAT SAMBISARI,Rp 1.600.000.000,146,134,4,4,2,SHM - Sertifikat Hak Milik,"Kalasan, Sleman Kab., Yogyakarta D.I."
363,di jual mewah+kost exclusive lokasi strategis dekat kampus UIN,Rp 5.500.000.000,677,900,5,4,2,SHM - Sertifikat Hak Milik,"Depok, Sleman Kab., Yogyakarta D.I."
364,"Villa Pakem, Area Wisata Kaliurang",Rp 2.840.000.000,1290,350,4,3,1,SHM - Sertifikat Hak Milik,"Tegalrejo, Yogyakarta Kota, Yogyakarta D.I."
365,Kost kos eksklusif Monjali dekat Pogung Plemburan UnyUGM Lempongsari,Rp 2.100.000.000,153,221,10,7,2,,"Depok, Sleman Kab., Yogyakarta D.I."
366,Kode : RSH 3240 #Rumah dan Warung Makan Strategis Siap Huni di Bangunt,Rp 1.800.000.000,291,50,3,2,1,SHM - Sertifikat Hak Milik,"Banguntapan, Bantul Kab., Yogyakarta D.I."
367,Hunian Baru Banguntapan Tamanan Dekat JL Imogiri Timur UAD Giwangan,Rp 325.000.000,61,36,2,1,1,SHM - Sertifikat Hak Milik,"Banguntapan, Bantul Kab., Yogyakarta D.I."
368,Kost dijual Jogja di Jakal 5 menit ke Kampus UII Jalan Kaliurang KM 13,Rp 1.900.000.000,150,120,10,10,1,SHM - Sertifikat Hak Milik,"Ngaglik, Sleman Kab., Yogyakarta D.I."
369,Premium Griya Perumahan Wedomartani Dkat Jogja Bay Maguwoharjo Sleman,Rp 799.000.000,120,55,2,1,1,SHM - Sertifikat Hak Milik,"Depok, Sleman Kab., Yogyakarta D.I."
370,Hunian Perum Pusat Kota Gonjen Brajan Tamantirto Kasihan Dkt UMY UPY,Rp 480.000.000,92,102,3,2,2,SHM - Sertifikat Hak Milik,"Kasihan, Bantul Kab., Yogyakarta D.I."
371,Rumah dikotagede kotamadya,Rp 900.000.000,125,85,3,2,1,SHM - Sertifikat Hak Milik,"Kotagede, Yogyakarta Kota, Yogyakarta D.I."
372,Rumah Bagus Perum JL Kaliurang Tiyasan Dekat PLN Banteng Kolombo UGM,Rp 650.000.000,93,70,2,1,1,SHM - Sertifikat Hak Milik,"Depok, Sleman Kab., Yogyakarta D.I."
373,"Asri Sejuk Dekat Sungai, Daaru Tirta Hutama, Bebas Desain Fasad",Rp 328.650.000,79,38,2,1,1,SHM - Sertifikat Hak Milik,"Kalasan, Sleman Kab., Yogyakarta D.I."
374,Griya Nyaman Perum JL Turi Dkt JL Magelang Pandowoharjo Pangukan,Rp 675.000.000,120,58,2,1,1,SHM - Sertifikat Hak Milik,"Turi, Sleman Kab., Yogyakarta D.I."
375,Rumah Perum 3KT 2KM Sleman Margoluwih Seyegan Dekat TGP Godean Jogja,Rp 325.000.000,83,50,3,2,2,SHM - Sertifikat Hak Milik,"Godean, Sleman Kab., Yogyakarta D.I."
376,Rumah modern cantik lingkungan dalam cluster wirobrajan dkt malioboro,Rp 550.000.000,85,55,2,1,0,,"Wirobrajan, Yogyakarta Kota, Yogyakarta D.I."
377,"NEGO Sampai Deal, Bisa Custom Layout Rumah, Tipe 36, Maguwoharjo",Rp 458.000.000,64,36,2,1,1,SHM - Sertifikat Hak Milik,"Ngemplak, Sleman Kab., Yogyakarta D.I."
378,Kode RSH 305 # Rumah Murah Bagus di Baturetno Banguntapan Bantul Yogya,Rp 350.000.000,56,38,2,1,1,SHM - Sertifikat Hak Milik,"Banguntapan, Bantul Kab., Yogyakarta D.I."
379,"Rumah Dekat UGM, UTY, MMTC",Rp 3.000.000.000,406,226,3,4,1,SHM - Sertifikat Hak Milik,"Mantrijeron, Yogyakarta Kota, Yogyakarta D.I."
380,Dijual Cepat Hunian Murah kawasan ring road minimalis modern,Rp 481.000.000,120,55,2,1,1,SHM - Sertifikat Hak Milik,"Godean, Sleman Kab., Yogyakarta D.I."
381,RUMAH INDUSTRIAL DI JALAN PALAGAN KM 8 DEKAT FILOSOFI KOPI PALAGAN,Rp 1.450.000.000,143,89,2,2,2,SHM - Sertifikat Hak Milik,"Ngaglik, Sleman Kab., Yogyakarta D.I."
382,"HARGA TERJANGKAU, MURAH, BISA KPR, BONUS MOTOR",Rp 369.852.369,192,45,2,2,1,SHM - Sertifikat Hak Milik,"Bantul, Bantul Kab., Yogyakarta D.I."
383,Rumah baru di selatan lapangan tamantirto Bantul,Rp 400.303.999,101,60,3,2,0,,"Jetis, Bantul Kab., Yogyakarta D.I."
384,Kode RSH 305 # Rumah Murah Bagus di Baturetno Banguntapan Bantul Yogya,Rp 350.000.000,56,38,2,1,1,SHM - Sertifikat Hak Milik,"Banguntapan, Bantul Kab., Yogyakarta D.I."
385,"Rumah Dekat UGM, UTY, MMTC",Rp 3.000.000.000,406,226,3,4,1,SHM - Sertifikat Hak Milik,"Mantrijeron, Yogyakarta Kota, Yogyakarta D.I."
386,"Rumah cocok untuk Usaha , Kantor dekat Kampus UMY &amp; Pusat Kota Jogja",Rp 3.000.000.000,170,198,4,3,2,HGB - Hak Guna Bangun,"Mantrijeron, Yogyakarta Kota, Yogyakarta D.I."
387,"Rumah Dekat UGM, UII Jogja",Rp 3.200.000.000,210,180,5,3,2,SHM - Sertifikat Hak Milik,"Mantrijeron, Yogyakarta Kota, Yogyakarta D.I."
388,"Rumah Dekat UGM, Mall SCH",Rp 2.700.000.000,230,177,5,4,2,SHM - Sertifikat Hak Milik,"Mantrijeron, Yogyakarta Kota, Yogyakarta D.I."
389,"Akses Mobil Masuk, Hunian Area Pundong I, Dekat Jl. Kebon Agung",Rp 440.000.000,87,36,2,1,1,SHM - Sertifikat Hak Milik,"Mlati, Sleman Kab., Yogyakarta D.I."
390,"Rumah Dekat UMY, UPY, UBSI",Rp 3.250.000.000,272,397,5,4,2,SHM - Sertifikat Hak Milik,"Mantrijeron, Yogyakarta Kota, Yogyakarta D.I."
391,"Rumah Furnished Dekat UGM, Pogung",Rp 2.600.000.000,139,204,4,4,2,HGB - Hak Guna Bangun,"Mantrijeron, Yogyakarta Kota, Yogyakarta D.I."
392,Rumah Villa Dg Kolamrenang Murah Timur Pasar Gentan Jogja,Rp 2.300.000.600,517,196,4,3,1,SHM - Sertifikat Hak Milik,"Mantrijeron, Yogyakarta Kota, Yogyakarta D.I."
393,Rumah dekat Gedong Kuning dlm ringroad,Rp 475.000.000,75,55,2,1,,,"Kotagede, Yogyakarta Kota, Yogyakarta D.I."
394,"Rumah Jogja, Dekat UGM, UAD",Rp 2.600.000.000,213,190,5,5,2,SHM - Sertifikat Hak Milik,"Mantrijeron, Yogyakarta Kota, Yogyakarta D.I."
395,Rumah bagus dekat UGM dalam perumahan elit,Rp 2.800.000.000,375,450,9,5,2,SHM - Sertifikat Hak Milik,"Kotagede, Yogyakarta Kota, Yogyakarta D.I."
396,Kost Mewah Exclusive 3 Lantai 37 Kamar Di Pogung Jl. Kaliurang Km. 4,Rp 12.000.000.000,774,668,&gt;10,&gt;10,2,SHM - Sertifikat Hak Milik,"Mlati, Sleman Kab., Yogyakarta D.I."
397,,Rp 4.500.000.000,459,200,2,2,1,SHM - Sertifikat Hak Milik,"Srandakan, Bantul Kab., Yogyakarta D.I."
398,HARGA DISKON 2BEDROOM Apartemen Mataram City Di Yogyakarta,Rp 1.200.001.100,45632,68,2,2,,SHM - Sertifikat Hak Milik,"Ngaglik, Sleman Kab., Yogyakarta D.I."
399,Unit Spesial Terbesar Dan Termurah Se Jogja Mataram City Harga Diskon,Rp 900.000.001,57,57,2,1,,,"Ngaglik, Sleman Kab., Yogyakarta D.I."
400,Dijual Cepat Hunian Murah kawasan ring road minimalis modern,Rp 481.000.000,120,55,2,1,1,SHM - Sertifikat Hak Milik,"Godean, Sleman Kab., Yogyakarta D.I."
401,"RUMAH CANTIK MODERN DI JL SOLO, PROLIMAN BOGEM",Rp 650.000.000,94,50,2,1,1,,"Kalasan, Sleman Kab., Yogyakarta D.I."
402,Rumah Kodya Dekat Kampus UST Taman Siswa,Rp 1.450.000.000,72,130,3,2,3,SHM - Sertifikat Hak Milik,"Umbulharjo, Yogyakarta Kota, Yogyakarta D.I."
403,"RUMAH DENGAN TANAH LUAS BARAT UGM &amp; RS.SARJIYO DEKAT TUGU, MALIOBORO",Rp 2.098.900.000,150,300,6,2,2,SHM - Sertifikat Hak Milik,"Tegalrejo, Yogyakarta Kota, Yogyakarta D.I."
404,Kost Mewah Exclusive 3 Lantai 37 Kamar Di Pogung Jl. Kaliurang Km. 4,Rp 12.000.000.000,774,668,&gt;10,&gt;10,2,SHM - Sertifikat Hak Milik,"Mlati, Sleman Kab., Yogyakarta D.I."
405,,Rp 4.500.000.000,459,200,2,2,1,SHM - Sertifikat Hak Milik,"Srandakan, Bantul Kab., Yogyakarta D.I."
406,HARGA DISKON 2BEDROOM Apartemen Mataram City Di Yogyakarta,Rp 1.200.001.100,45632,68,2,2,,SHM - Sertifikat Hak Milik,"Ngaglik, Sleman Kab., Yogyakarta D.I."
407,Unit Spesial Terbesar Dan Termurah Se Jogja Mataram City Harga Diskon,Rp 900.000.001,57,57,2,1,,,"Ngaglik, Sleman Kab., Yogyakarta D.I."
408,Murah siap huni di Maguwoharjo Depok sleman,Rp 695.000.000,100,65,3,2,1,SHM - Sertifikat Hak Milik,"Mlati, Sleman Kab., Yogyakarta D.I."
409,Rumah dijual kos di dekat kampus isi sewon jl parangtritis,Rp 850.000.000,120,85,3,2,1,SHM - Sertifikat Hak Milik,"Depok, Sleman Kab., Yogyakarta D.I."
410,Dijual Rumah Mewah Di Kawasan Premium Seturan,Rp 2.100.000.000,171,300,5,3,2,SHM - Sertifikat Hak Milik,"Depok, Sleman Kab., Yogyakarta D.I."
411,Rumah bagus 2 lantai di jalan kaliurang km 8 jaban,Rp 1.600.000.000,115,180,4,2,2,SHM - Sertifikat Hak Milik,"Depok, Sleman Kab., Yogyakarta D.I."
412,Rumah bagus minimalis modern,Rp 2.000.000.000,129,131,5,4,2,SHM - Sertifikat Hak Milik,"Depok, Sleman Kab., Yogyakarta D.I."
413,Rumah mewah perumahan bale agung jalan kaliurang Km 6,Rp 5.500.000.000,360,580,7,6,2,SHM - Sertifikat Hak Milik,"Depok, Sleman Kab., Yogyakarta D.I."
414,"Kost eksklusif dekat UGM Jl Monjali, Pogung, Pandega,Nandan,tugu Jogja",Rp 3.300.000.000,0,0,4,3,0,,"Mlati, Sleman Kab., Yogyakarta D.I."
415,Rumah 2 lantai Fully Furnish di Karangmojo Purwomartani Kalasan Sleman,Rp 1.300.000.000,136,95,3,2,2,SHM - Sertifikat Hak Milik,"Kalasan, Sleman Kab., Yogyakarta D.I."
416,Rumah 2 lantai Fully Furnish di Karangmojo Purwomartani Kalasan Sleman,Rp 1.300.000.000,145,200,4,4,2,SHM - Sertifikat Hak Milik,"Kalasan, Sleman Kab., Yogyakarta D.I."
417,Rumah bagus dengan lingkungan perumahan  kodya nyaman sekali,Rp 1.650.000.000,170,150,5,4,2,SHM - Sertifikat Hak Milik,"Depok, Sleman Kab., Yogyakarta D.I."
418,Rumah cantik dalam ringroad dekat sekali ke UGM pogung,Rp 2.500.000.000,135,200,4,3,2,SHM - Sertifikat Hak Milik,"Depok, Sleman Kab., Yogyakarta D.I."
419,Homestay Cantik di Prawirotaman dijual semi furnished,Rp 4.900.000.000,340,180,4,4,1,SHM - Sertifikat Hak Milik,"Depok, Sleman Kab., Yogyakarta D.I."
420,"RUMAH MEWAH  ALIMDO REGENCY SLEMAN,SIAP HUNI JL GITO GATI",Rp 1.200.000.000,108,72,3,3,2,HGB - Hak Guna Bangun,"Sleman, Sleman Kab., Yogyakarta D.I."
421,"FREE BIAYA + Bonus AC, Hunian Nyaman di Grand Village Banguntapan",Rp 475.000.000,60,30,2,1,1,HGB - Hak Guna Bangun,"Banguntapan, Bantul Kab., Yogyakarta D.I."
422,"Rumah Cantik di Dekat SMKN 1 Kalasan , RS Bhayangkara 400Jutaan",Rp 488.000.000,100,45,2,1,1,SHM - Sertifikat Hak Milik,"Ngemplak, Sleman Kab., Yogyakarta D.I."
423,Rumah siap bangun di daerah strategis kulon progo 15 menit ke NYIA,Rp 350.000.000,80,36,2,1,1,SHM - Sertifikat Hak Milik,"Pengasih, Kulon Progo Kab., Yogyakarta D.I."
424,Homestay Cantik di Prawirotaman dijual semi furnished,Rp 4.900.000.000,340,180,4,4,1,SHM - Sertifikat Hak Milik,"Depok, Sleman Kab., Yogyakarta D.I."
425,Rumah 2 Lantai di area Pugeran dalam ringroad dekat Kampus UPN Jogja,Rp 1.500.000.000,124,170,4,2,2,SHM - Sertifikat Hak Milik,"Depok, Sleman Kab., Yogyakarta D.I."
426,Rumah baru siap huni purwomartani japlaksari,Rp 978.000.000,165,95,3,2,1,SHM - Sertifikat Hak Milik,"Depok, Sleman Kab., Yogyakarta D.I."
427,Rumah Siap Huni Hanya 5 Menit Ke UII Kaliurang!!,Rp 830.000.099,138,75,3,2,1,SHM - Sertifikat Hak Milik,"Ngaglik, Sleman Kab., Yogyakarta D.I."
428,"Hunian mewah, 3 kali lebih murah! Lokasi Strategis Bantul",Rp 499.000.000,142,100,3,2,,SHM - Sertifikat Hak Milik,"Kasihan, Bantul Kab., Yogyakarta D.I."
429,"Kost Dekat UGM, SKE Jogja",Rp 9.000.000.000,751,450,9,9,1,SHM - Sertifikat Hak Milik,"Mantrijeron, Yogyakarta Kota, Yogyakarta D.I."
430,Rumah Full furnish Siap Huni Dekat RS Nur Hidayah,Rp 870.000.221,177,85,3,3,1,SHM - Sertifikat Hak Milik,"Jetis, Bantul Kab., Yogyakarta D.I."
431,"Rumah Siap Huni Dekat UMY,Warung Teduh ,Alma Ata",Rp 185.000.000,60,30,2,1,,SHM - Sertifikat Hak Milik,"Kasihan, Bantul Kab., Yogyakarta D.I."
432,Dijual Rumah  Lokasi Utara Jogjabay Waterpark Maguwoharjo  Yogyaka,Rp 3.400.000.000,327,327,5,4,2,SHM - Sertifikat Hak Milik,"Ngaglik, Sleman Kab., Yogyakarta D.I."
433,"Guest House Dijual di Yogyakatya, Samping Kopi Klothok jl Kaliurang",Rp 7.000.000.000,400,1000,8,9,,,"Ngaglik, Sleman Kab., Yogyakarta D.I."
434,"Strategis, Dekat Indomart Bugisan, Tipe 30, Ideal Minimalis",Rp 309.000.000,106,45,2,1,0,,"Pajangan, Bantul Kab., Yogyakarta D.I."
435,"Harga di bawah pasar, perum Patra Graha pinggir jalan aspal",Rp 338.899.999,104,56,3,2,0,,"Pajangan, Bantul Kab., Yogyakarta D.I."
436,Orizya Village Kaliurang Dekat Kampus UII dan UGM,Rp 907.999.000,100,76,3,1,0,,"Mlati, Sleman Kab., Yogyakarta D.I."
437,Rumah baru siap huni dekat ikip pgri bantol,Rp 555.000.000,110,60,3,2,1,SHM - Sertifikat Hak Milik,"Kasihan, Bantul Kab., Yogyakarta D.I."
438,Rumah siap bangun di Kasongan Bangunjiwo model bisa pilih sendiri,Rp 335.000.000,90,45,2,1,0,,"Kasihan, Bantul Kab., Yogyakarta D.I."
439,Cluster Siap Huni 400jutaan dekat Kampus UMY - LAR,Rp 485.000.000,92,50,2,1,0,,"Kasihan, Bantul Kab., Yogyakarta D.I."
440,RUMAH KEREN depan aspal BISA KPR hanya 2 menit dari Gapura Bantul,Rp 350.000.000,96,40,2,1,1,SHM - Sertifikat Hak Milik,"Bantul, Bantul Kab., Yogyakarta D.I."
441,Rumah palagan Km 7 Cantik Siap bangun,Rp 1.500.000.000,217,120,4,3,1,SHM - Sertifikat Hak Milik,"Ngaglik, Sleman Kab., Yogyakarta D.I."
442,"RUMAH DENGAN TANAH LUAS BARAT UGM &amp; RS.SARJIYO DEKAT TUGU, MALIOBORO",Rp 2.098.900.000,150,300,6,2,2,SHM - Sertifikat Hak Milik,"Tegalrejo, Yogyakarta Kota, Yogyakarta D.I."
443,Jual kos di umbulharjo jogja,Rp 850.000.000,156,156,7,3,2,SHM - Sertifikat Hak Milik,"Umbulharjo, Yogyakarta Kota, Yogyakarta D.I."
444,Orizya Village Kaliurang Dekat Kampus UII dan UGM,Rp 907.999.000,100,76,3,1,0,,"Mlati, Sleman Kab., Yogyakarta D.I."
445,Rumah baru siap huni dekat ikip pgri bantol,Rp 555.000.000,110,60,3,2,1,SHM - Sertifikat Hak Milik,"Kasihan, Bantul Kab., Yogyakarta D.I."
446,Rumah siap bangun di Kasongan Bangunjiwo model bisa pilih sendiri,Rp 335.000.000,90,45,2,1,0,,"Kasihan, Bantul Kab., Yogyakarta D.I."
447,Cluster Siap Huni 400jutaan dekat Kampus UMY - LAR,Rp 485.000.000,92,50,2,1,0,,"Kasihan, Bantul Kab., Yogyakarta D.I."
448,Kost Dijual Beserta Rumah Induk Dekat Kampus Isi,Rp 3.000.000.000,250,500,&gt;10,&gt;10,2,SHM - Sertifikat Hak Milik,"Sewon, Bantul Kab., Yogyakarta D.I."
449,,Rp 1.200.000.000,198,225,5,4,2,SHM - Sertifikat Hak Milik,"Gondomanan, Yogyakarta Kota, Yogyakarta D.I."
450,Rumah Mewah Dekat Ring Road Selatan Wirobrajan,Rp 3.600.000.000,350,500,6,6,2,SHM - Sertifikat Hak Milik,"Sewon, Bantul Kab., Yogyakarta D.I."
451,Rumah 2 lantai Laguna Spring jl wonosari banguntapan Bantul Yogyakarta,Rp 2.500.000.000,128,115,3,2,2,HGB - Hak Guna Bangun,"Banguntapan, Bantul Kab., Yogyakarta D.I."
452,Rumah Mewah Include Private Pool Di Lokasi Premium Jogja Jakal Km 9,Rp 2.299.000.000,203,150,4,3,1,SHM - Sertifikat Hak Milik,"Ngaglik, Sleman Kab., Yogyakarta D.I."
453,Rumah Modern PROMO DP 10 Juta dekat Kampus UMY,Rp 407.800.900,107,53,2,2,1,SHM - Sertifikat Hak Milik,"Kasihan, Bantul Kab., Yogyakarta D.I."
454,Unit Tipe One Bedroom di Uttara The Icon,Rp 1.100.000.000,35,35,1,1,7,"Lainnya (PPJB, Girik, Adat, dll)","Depok, Sleman Kab., Yogyakarta D.I."
455,HUNIAN 2 LANTAI DI JOGJA DEKAT KAMPUS UGM UMY AKSES BANDARA,Rp 638.200.001,84,60,3,2,2,SHM - Sertifikat Hak Milik,"Depok, Sleman Kab., Yogyakarta D.I."
456,RUMAH 2 LANTAI DI JOGJA MURAH INVESTASI COCOK UNTUK PENSIUN,Rp 638.200.000,84,60,3,2,2,SHM - Sertifikat Hak Milik,"Wirobrajan, Yogyakarta Kota, Yogyakarta D.I."
457,ISTIMEWA! Dijual Apartemen Studio Yudhistira Mataram City Yogyakarta,Rp 650.000.000,34,34,1,1,,SHM - Sertifikat Hak Milik,"Depok, Sleman Kab., Yogyakarta D.I."
458,Rumah bagus dalam perumahan di maguwoharjo,Rp 785.000.000,120,70,2,1,1,SHM - Sertifikat Hak Milik,"Depok, Sleman Kab., Yogyakarta D.I."
459,Rumah Baru Tajem Maguwo Utara Lotte Mart,Rp 650.000.000,100,65,3,2,1,SHM - Sertifikat Hak Milik,"Depok, Sleman Kab., Yogyakarta D.I."
460,Rumah kos2an 14 KT 14 KM full penghuni bisa TT samping minimarket,Rp 2.250.000.000,287,287,&gt;10,&gt;10,1,SHM - Sertifikat Hak Milik,"Kasihan, Bantul Kab., Yogyakarta D.I."
461,Rumah dengan Kolam Renang di Pandega Asih dekat UGM,Rp 6.500.000.000,624,800,5,3,2,SHM - Sertifikat Hak Milik,"Depok, Sleman Kab., Yogyakarta D.I."
462,Dijual cepat karena pindah tugas rumah baru selesai bangun,Rp 575.000.000,103,70,3,1,1,SHM - Sertifikat Hak Milik,"Kasihan, Bantul Kab., Yogyakarta D.I."
463,RUMAH DI PURWOMARTANI KALASAN SLEMAN DALAM CLUSTER DEKAT SAMBISARI,Rp 1.600.000.000,146,134,4,4,2,SHM - Sertifikat Hak Milik,"Kalasan, Sleman Kab., Yogyakarta D.I."
464,Rumah bagus dalam perumahan di maguwoharjo,Rp 785.000.000,120,70,2,1,1,SHM - Sertifikat Hak Milik,"Depok, Sleman Kab., Yogyakarta D.I."
465,Rumah Baru Tajem Maguwo Utara Lotte Mart,Rp 650.000.000,100,65,3,2,1,SHM - Sertifikat Hak Milik,"Depok, Sleman Kab., Yogyakarta D.I."
466,Jual murah Rumah Siap Huni Lok strategis dekat jl.Bibis raya.1283,Rp 350.000.000,72,36,2,1,1,SHM - Sertifikat Hak Milik,"Kasihan, Bantul Kab., Yogyakarta D.I."
467,RUMAH 2 LANTAI BARU MODERN FULL FURNISH DI PURWOMARTANI SLEMAN YOGYA,Rp 1.100.000.000,116,177,3,2,2,SHM - Sertifikat Hak Milik,"Kalasan, Sleman Kab., Yogyakarta D.I."
468,Rumah Murah dan Luas di Jalan Kaliurang Km 13 Dekat Kampus UII,Rp 570.000.000,135,52,2,1,1,SHM - Sertifikat Hak Milik,"Ngaglik, Sleman Kab., Yogyakarta D.I."
469,,Rp 650.000.000,34,34,1,1,,SHM - Sertifikat Hak Milik,"Ngaglik, Sleman Kab., Yogyakarta D.I."
470,Dijual Rumah 3 Kamar tanah luas dekat Kampus UMY,Rp 495.000.000,102,45,2,1,1,SHM - Sertifikat Hak Milik,"Gamping, Sleman Kab., Yogyakarta D.I."
471,Rumah Dalam Ringroad Dekat Kampus UPY,Rp 550.000.000,92,45,2,1,1,SHM - Sertifikat Hak Milik,"Gamping, Sleman Kab., Yogyakarta D.I."
472,Rumah Mewah Balirejo Timoho Umbulharjo Dekat Baciro Gondokusuman,Rp 1.300.000.000,115,125,5,2,2,SHM - Sertifikat Hak Milik,"Gondokusuman, Yogyakarta Kota, Yogyakarta D.I."
473,Rumah Hook Lingkungan Perumahan dekat Jalan Lempongsari,Rp 1.400.000.000,118,120,3,2,2,SHM - Sertifikat Hak Milik,"Ngaglik, Sleman Kab., Yogyakarta D.I."
474,Dijual Rumah Halaman Luas Full Furnished Dengan Kolam Renang Pribadi,Rp 3.000.000.000,765,765,5,3,1,SHM - Sertifikat Hak Milik,"Ngaglik, Sleman Kab., Yogyakarta D.I."
475,Rumah Hook dlm Perumahan Jalan Lebar dkt Perumahan Casagrande Seturan,Rp 1.900.000.000,229,117,4,2,1,SHM - Sertifikat Hak Milik,"Depok, Sleman Kab., Yogyakarta D.I."
476,"rumah dalam perum di Condongcatur dkt amikom,upn,candi gebang",Rp 900.000.000,134,80,3,2,1,SHM - Sertifikat Hak Milik,"Depok, Sleman Kab., Yogyakarta D.I."
477,"Rumah Perumhan Condongcatur Proses Renovasi Dekat UPN,UII,Casa Grande",Rp 3.300.000.000,300,301,5,4,2,SHM - Sertifikat Hak Milik,"Depok, Sleman Kab., Yogyakarta D.I."
478,Dijual Rumah Mewah Baru Siap Huni Dalam Perumahan Di Jl Palagan,Rp 1.700.000.000,144,125,4,3,2,SHM - Sertifikat Hak Milik,"Ngaglik, Sleman Kab., Yogyakarta D.I."
479,Rumah Mewah Hook Perum Elite Nandan Griya Idaman Dekat Al Azhar &amp; UGM,Rp 3.750.000.000,235,269,5,4,2,SHM - Sertifikat Hak Milik,"Mlati, Sleman Kab., Yogyakarta D.I."
